Date/Time,Whole Building:Total Building Electric Demand [W](TimeStep) 
 01/01  00:15:00,798.3324828
 01/01  00:30:00,434.521692
 01/01  00:45:00,1190.015224
 01/01  01:00:00,1185.370821
 01/01  01:15:00,1184.238615
 01/01  01:30:00,1182.251065
 01/01  01:45:00,1183.207085
 01/01  02:00:00,1185.389366
 01/01  02:15:00,714.8794356
 01/01  02:30:00,469.6871931
 01/01  02:45:00,1190.784992
 01/01  03:00:00,-1
 01/01  03:15:00,986.342013
 01/01  03:30:00,716.5127322
 01/01  03:45:00,391.1538834
 01/01  04:00:00,1193.211331
 01/01  04:15:00,204.5150136
 01/01  04:30:00,1026.447173
 01/01  04:45:00,1188.870557
 01/01  05:00:00,125.87877
 01/01  05:15:00,1146.378874
 01/01  05:30:00,1182.914443
 01/01  05:45:00,1185.652544
 01/01  06:00:00,1184.369117
 01/01  06:15:00,1185.023966
 01/01  06:30:00,1183.250868
 01/01  06:45:00,477.89946
 01/01  07:00:00,706.4012313
 01/01  07:15:00,1183.657003
 01/01  07:30:00,0
 01/01  07:45:00,1132.405832
 01/01  08:00:00,1145.640731
 01/01  08:15:00,921.823443
 01/01  08:30:00,-1
 01/01  08:45:00,1172.242079
 01/01  09:00:00,629.5420701
 01/01  09:15:00,426.8897118
 01/01  09:30:00,1185.827122
 01/01  09:45:00,163.380447
 01/01  10:00:00,664.4364507
 01/01  10:15:00,756.3446406
 01/01  10:30:00,0
 01/01  10:45:00,1062.06154
 01/01  11:00:00,202.4523243
 01/01  11:15:00,550.5323139
 01/01  11:30:00,955.4166108
 01/01  11:45:00,0
 01/01  12:00:00,1107.800726
 01/01  12:15:00,361.3207284
 01/01  12:30:00,417.1763106
 01/01  12:45:00,812.6124066
 01/01  13:00:00,0
 01/01  13:15:00,976.2823908
 01/01  13:30:00,438.673617
 01/01  13:45:00,429.7327704
 01/01  14:00:00,1189.746329
 01/01  14:15:00,0
 01/01  14:30:00,986.6795769
 01/01  14:45:00,439.6184289
 01/01  15:00:00,673.9607412
 01/01  15:15:00,836.9946522
 01/01  15:30:00,270.3035088
 01/01  15:45:00,1193.92976
 01/01  16:00:00,-1
 01/01  16:15:00,867.681207
 01/01  16:30:00,640.1521611
 01/01  16:45:00,471.3426468
 01/01  17:00:00,1152.912268
 01/01  17:15:00,-1
 01/01  17:30:00,1178.903454
 01/01  17:45:00,392.389983
 01/01  18:00:00,576.9839745
 01/01  18:15:00,1064.857332
 01/01  18:30:00,0
 01/01  18:45:00,1179.634253
 01/01  19:00:00,519.075513
 01/01  19:15:00,666.5323482
 01/01  19:30:00,1189.616941
 01/01  19:45:00,83.857662
 01/01  20:00:00,1142.573126
 01/01  20:15:00,637.2116478
 01/01  20:30:00,590.4047682
 01/01  20:45:00,1191.005033
 01/01  21:00:00,400.9400739
 01/01  21:15:00,900.8032446
 01/01  21:30:00,1163.813232
 01/01  21:45:00,1146.851436
 01/01  22:00:00,1145.873471
 01/01  22:15:00,1164.731238
 01/01  22:30:00,1173.732225
 01/01  22:45:00,1176.258057
 01/01  23:00:00,-1
 01/01  23:15:00,1178.928849
 01/01  23:30:00,1177.646513
 01/01  23:45:00,1175.24992
 01/01  24:00:00,1177.988407
 01/02  00:15:00,1177.738025
 01/02  00:30:00,1176.639977
 01/02  00:45:00,1175.515013
 01/02  01:00:00,1175.991308
 01/02  01:15:00,1174.169629
 01/02  01:30:00,1174.52431
 01/02  01:45:00,1174.244295
 01/02  02:00:00,1173.535479
 01/02  02:15:00,1172.585366
 01/02  02:30:00,1172.936105
 01/02  02:45:00,1172.66563
 01/02  03:00:00,1136.016398
 01/02  03:15:00,-1
 01/02  03:30:00,1621.502924
 01/02  03:45:00,1608.970567
 01/02  04:00:00,-1
 01/02  04:15:00,1166.627616
 01/02  04:30:00,1168.518755
 01/02  04:45:00,1168.476242
 01/02  05:00:00,1172.423241
 01/02  05:15:00,1173.132651
 01/02  05:30:00,1172.571877
 01/02  05:45:00,1173.132651
 01/02  06:00:00,1173.872697
 01/02  06:15:00,1172.222838
 01/02  06:30:00,1172.025227
 01/02  06:45:00,1173.47586
 01/02  07:00:00,1172.03474
 01/02  07:15:00,820.6372017
 01/02  07:30:00,1152.172389
 01/02  07:45:00,1136.945763
 01/02  08:00:00,1132.426616
 01/02  08:15:00,1136.378646
 01/02  08:30:00,1152.898755
 01/02  08:45:00,1161.492789
 01/02  09:00:00,1163.888262
 01/02  09:15:00,1166.201579
 01/02  09:30:00,1166.345198
 01/02  09:45:00,1166.426009
 01/02  10:00:00,1167.476498
 01/02  10:15:00,1157.898352
 01/02  10:30:00,1166.670432
 01/02  10:45:00,1168.476293
 01/02  11:00:00,1167.695406
 01/02  11:15:00,160.7108508
 01/02  11:30:00,1009.760369
 01/02  11:45:00,781.5302928
 01/02  12:00:00,344.8863153
 01/02  12:15:00,1168.047578
 01/02  12:30:00,347.3451729
 01/02  12:45:00,639.4197186
 01/02  13:00:00,1145.927972
 01/02  13:15:00,1160.617662
 01/02  13:30:00,1164.218018
 01/02  13:45:00,509.3061516
 01/02  14:00:00,579.9302181
 01/02  14:15:00,1174.078182
 01/02  14:30:00,316.0357659
 01/02  14:45:00,934.9654932
 01/02  15:00:00,981.3610566
 01/02  15:15:00,347.3563311
 01/02  15:30:00,1178.362576
 01/02  15:45:00,589.3096437
 01/02  16:00:00,739.2828213
 01/02  16:15:00,1178.126458
 01/02  16:30:00,473.8644108
 01/02  16:45:00,897.5917809
 01/02  17:00:00,1177.938238
 01/02  17:15:00,355.2815979
 01/02  17:30:00,992.1827466
 01/02  17:45:00,1139.329369
 01/02  18:00:00,1152.451332
 01/02  18:15:00,1161.250622
 01/02  18:30:00,1163.292768
 01/02  18:45:00,1164.380303
 01/02  19:00:00,1164.697
 01/02  19:15:00,1166.198598
 01/02  19:30:00,1164.894923
 01/02  19:45:00,1165.372924
 01/02  20:00:00,1165.318682
 01/02  20:15:00,1165.077198
 01/02  20:30:00,1168.338707
 01/02  20:45:00,1167.151445
 01/02  21:00:00,1168.209774
 01/02  21:15:00,1123.251065
 01/02  21:30:00,804.654963
 01/02  21:45:00,1132.586979
 01/02  22:00:00,1126.450491
 01/02  22:15:00,1142.897327
 01/02  22:30:00,1153.400527
 01/02  22:45:00,1158.463685
 01/02  23:00:00,1158.041932
 01/02  23:15:00,1161.13753
 01/02  23:30:00,-1
 01/02  23:45:00,1586.479562
 01/02  24:00:00,1155.594668
 01/03  00:15:00,1157.387715
 01/03  00:30:00,1160.72072
 01/03  00:45:00,1162.113233
 01/03  01:00:00,1161.281272
 01/03  01:15:00,1123.270111
 01/03  01:30:00,-1
 01/03  01:45:00,1609.496989
 01/03  02:00:00,1597.010873
 01/03  02:15:00,1590.622667
 01/03  02:30:00,1590.020924
 01/03  02:45:00,1588.420072
 01/03  03:00:00,-1
 01/03  03:15:00,1151.895137
 01/03  03:30:00,1157.095129
 01/03  03:45:00,1160.452478
 01/03  04:00:00,-1
 01/03  04:15:00,1600.146023
 01/03  04:30:00,1593.088203
 01/03  04:45:00,1588.210682
 01/03  05:00:00,1586.692668
 01/03  05:15:00,1586.597079
 01/03  05:30:00,1330.865928
 01/03  05:45:00,1375.927183
 01/03  06:00:00,1585.905625
 01/03  06:15:00,-1
 01/03  06:30:00,1579.839122
 01/03  06:45:00,1581.669486
 01/03  07:00:00,1578.539525
 01/03  07:15:00,1568.175458
 01/03  07:30:00,1541.063838
 01/03  07:45:00,1522.558
 01/03  08:00:00,1518.696258
 01/03  08:15:00,1517.023489
 01/03  08:30:00,1545.66626
 01/03  08:45:00,1560.908555
 01/03  09:00:00,1563.956125
 01/03  09:15:00,1566.90024
 01/03  09:30:00,-1
 01/03  09:45:00,804.0864708
 01/03  10:00:00,1146.967063
 01/03  10:15:00,1146.477578
 01/03  10:30:00,1147.536342
 01/03  10:45:00,1148.407499
 01/03  11:00:00,1149.799555
 01/03  11:15:00,1150.415758
 01/03  11:30:00,1150.119569
 01/03  11:45:00,1152.042378
 01/03  12:00:00,1152.197147
 01/03  12:15:00,1146.261604
 01/03  12:30:00,1126.053683
 01/03  12:45:00,1120.095362
 01/03  13:00:00,1126.020281
 01/03  13:15:00,1140.570131
 01/03  13:30:00,1148.853056
 01/03  13:45:00,809.0331705
 01/03  14:00:00,1157.513468
 01/03  14:15:00,1153.519619
 01/03  14:30:00,1154.008854
 01/03  14:45:00,1155.153637
 01/03  15:00:00,1154.570559
 01/03  15:15:00,1156.223034
 01/03  15:30:00,1155.797506
 01/03  15:45:00,1157.215893
 01/03  16:00:00,1156.307702
 01/03  16:15:00,544.0996674
 01/03  16:30:00,842.1737526
 01/03  16:45:00,1158.535892
 01/03  17:00:00,1154.03729
 01/03  17:15:00,1146.30985
 01/03  17:30:00,1129.197568
 01/03  17:45:00,-1
 01/03  18:00:00,1562.594383
 01/03  18:15:00,1568.012558
 01/03  18:30:00,1567.843426
 01/03  18:45:00,1568.234192
 01/03  19:00:00,1571.335752
 01/03  19:15:00,-1
 01/03  19:30:00,1141.436491
 01/03  19:45:00,1149.164562
 01/03  20:00:00,1147.584458
 01/03  20:15:00,1152.193577
 01/03  20:30:00,812.3583357
 01/03  20:45:00,1157.45157
 01/03  21:00:00,1152.960091
 01/03  21:15:00,1148.500164
 01/03  21:30:00,1130.086953
 01/03  21:45:00,1119.759116
 01/03  22:00:00,1117.522225
 01/03  22:15:00,1130.878502
 01/03  22:30:00,1143.877888
 01/03  22:45:00,1147.057466
 01/03  23:00:00,1150.457752
 01/03  23:15:00,1151.4833
 01/03  23:30:00,1149.870518
 01/03  23:45:00,1151.487927
 01/03  24:00:00,1150.430081
 01/04  00:15:00,1152.522852
 01/04  00:30:00,809.3662965
 01/04  00:45:00,-1
 01/04  01:00:00,1589.184968
 01/04  01:15:00,1579.479366
 01/04  01:30:00,1575.383909
 01/04  01:45:00,1572.444352
 01/04  02:00:00,1572.726269
 01/04  02:15:00,1570.98501
 01/04  02:30:00,1570.037298
 01/04  02:45:00,1569.338824
 01/04  03:00:00,1569.012936
 01/04  03:15:00,1567.509949
 01/04  03:30:00,1567.225173
 01/04  03:45:00,1567.614365
 01/04  04:00:00,1566.443565
 01/04  04:15:00,1514.122453
 01/04  04:30:00,1516.340229
 01/04  04:45:00,1160.997484
 01/04  05:00:00,1570.378168
 01/04  05:15:00,1565.082484
 01/04  05:30:00,1564.983677
 01/04  05:45:00,1564.427651
 01/04  06:00:00,1564.059799
 01/04  06:15:00,1563.782879
 01/04  06:30:00,1562.492936
 01/04  06:45:00,1560.136547
 01/04  07:00:00,1560.874235
 01/04  07:15:00,1549.205635
 01/04  07:30:00,1524.12972
 01/04  07:45:00,1507.663129
 01/04  08:00:00,1503.962314
 01/04  08:15:00,1501.249565
 01/04  08:30:00,1526.716346
 01/04  08:45:00,-1
 01/04  09:00:00,1553.369076
 01/04  09:15:00,1550.168997
 01/04  09:30:00,1551.508043
 01/04  09:45:00,-1
 01/04  10:00:00,1129.10121
 01/04  10:15:00,1136.298931
 01/04  10:30:00,1137.323732
 01/04  10:45:00,1138.662285
 01/04  11:00:00,1140.444551
 01/04  11:15:00,1140.807635
 01/04  11:30:00,1142.219613
 01/04  11:45:00,1141.542003
 01/04  12:00:00,1143.955637
 01/04  12:15:00,1134.729485
 01/04  12:30:00,1117.513638
 01/04  12:45:00,630.3934251
 01/04  13:00:00,661.1263857
 01/04  13:15:00,1129.202115
 01/04  13:30:00,1136.644751
 01/04  13:45:00,1134.658117
 01/04  14:00:00,1134.571594
 01/04  14:15:00,1137.269006
 01/04  14:30:00,1137.446155
 01/04  14:45:00,1137.865429
 01/04  15:00:00,1138.308657
 01/04  15:15:00,1138.590128
 01/04  15:30:00,1139.36339
 01/04  15:45:00,1572.777869
 01/04  16:00:00,1562.547039
 01/04  16:15:00,1133.319972
 01/04  16:30:00,1136.552378
 01/04  16:45:00,1140.779034
 01/04  17:00:00,769.0876047
 01/04  17:15:00,1141.852819
 01/04  17:30:00,1119.717259
 01/04  17:45:00,1111.579061
 01/04  18:00:00,1116.52483
 01/04  18:15:00,1132.479413
 01/04  18:30:00,1139.704613
 01/04  18:45:00,1142.029262
 01/04  19:00:00,1142.222813
 01/04  19:15:00,1143.215982
 01/04  19:30:00,1145.480597
 01/04  19:45:00,1144.015884
 01/04  20:00:00,1145.754951
 01/04  20:15:00,1145.977286
 01/04  20:30:00,1146.328387
 01/04  20:45:00,1145.846356
 01/04  21:00:00,888.9966279
 01/04  21:15:00,1064.784539
 01/04  21:30:00,1126.11957
 01/04  21:45:00,1113.304049
 01/04  22:00:00,1107.617385
 01/04  22:15:00,1123.351209
 01/04  22:30:00,1133.872795
 01/04  22:45:00,1139.789842
 01/04  23:00:00,1141.068377
 01/04  23:15:00,1141.86205
 01/04  23:30:00,1143.230814
 01/04  23:45:00,1144.909562
 01/04  24:00:00,1575.103815
 01/05  00:15:00,1569.489781
 01/05  00:30:00,1565.798448
 01/05  00:45:00,1563.950961
 01/05  01:00:00,1559.024674
 01/05  01:15:00,-1
 01/05  01:30:00,1560.866437
 01/05  01:45:00,1557.842027
 01/05  02:00:00,1555.032494
 01/05  02:15:00,1554.219047
 01/05  02:30:00,1552.995684
 01/05  02:45:00,1554.337673
 01/05  03:00:00,1552.54923
 01/05  03:15:00,1552.303564
 01/05  03:30:00,1552.449281
 01/05  03:45:00,1551.568063
 01/05  04:00:00,1551.080803
 01/05  04:15:00,1550.875528
 01/05  04:30:00,1551.061868
 01/05  04:45:00,1550.182092
 01/05  05:00:00,1549.936868
 01/05  05:15:00,-1
 01/05  05:30:00,1557.587419
 01/05  05:45:00,1552.355567
 01/05  06:00:00,1551.494654
 01/05  06:15:00,1549.078807
 01/05  06:30:00,1548.004836
 01/05  06:45:00,1549.655009
 01/05  07:00:00,1548.087511
 01/05  07:15:00,-1
 01/05  07:30:00,1512.038652
 01/05  07:45:00,1496.691284
 01/05  08:00:00,1492.920968
 01/05  08:15:00,1490.088553
 01/05  08:30:00,1515.922481
 01/05  08:45:00,1532.113583
 01/05  09:00:00,1536.824809
 01/05  09:15:00,1191.804781
 01/05  09:30:00,1440.748296
 01/05  09:45:00,1544.002031
 01/05  10:00:00,-1
 01/05  10:15:00,539.5472685
 01/05  10:30:00,1105.4124
 01/05  10:45:00,1123.065676
 01/05  11:00:00,1124.376885
 01/05  11:15:00,1126.44793
 01/05  11:30:00,1126.850437
 01/05  11:45:00,1127.004428
 01/05  12:00:00,1128.527456
 01/05  12:15:00,1120.306363
 01/05  12:30:00,1103.269734
 01/05  12:45:00,1096.974636
 01/05  13:00:00,1099.081527
 01/05  13:15:00,1107.606966
 01/05  13:30:00,1129.072434
 01/05  13:45:00,1129.501499
 01/05  14:00:00,1131.389212
 01/05  14:15:00,681.1550631
 01/05  14:30:00,865.0987164
 01/05  14:45:00,1135.518406
 01/05  15:00:00,193.6178487
 01/05  15:15:00,793.5435549
 01/05  15:30:00,-1
 01/05  15:45:00,1136.168328
 01/05  16:00:00,1137.499408
 01/05  16:15:00,0
 01/05  16:30:00,0
 01/05  16:45:00,758.0416527
 01/05  17:00:00,1143.602002
 01/05  17:15:00,1131.918092
 01/05  17:30:00,1112.014512
 01/05  17:45:00,1103.674755
 01/05  18:00:00,1107.390371
 01/05  18:15:00,1122.99946
 01/05  18:30:00,1129.065165
 01/05  18:45:00,1131.37773
 01/05  19:00:00,1132.098476
 01/05  19:15:00,868.3319115
 01/05  19:30:00,415.923147
 01/05  19:45:00,1139.29309
 01/05  20:00:00,1137.068753
 01/05  20:15:00,1136.659959
 01/05  20:30:00,1138.867308
 01/05  20:45:00,0
 01/05  21:00:00,907.4517687
 01/05  21:15:00,1130.505066
 01/05  21:30:00,1109.486439
 01/05  21:45:00,1099.662464
 01/05  22:00:00,1097.393385
 01/05  22:15:00,1102.167626
 01/05  22:30:00,1118.400433
 01/05  22:45:00,1125.665138
 01/05  23:00:00,1128.989559
 01/05  23:15:00,1130.38873
 01/05  23:30:00,1131.247541
 01/05  23:45:00,1130.961306
 01/05  24:00:00,1132.609229
 01/06  00:15:00,1132.835214
 01/06  00:30:00,1134.001394
 01/06  00:45:00,1132.877606
 01/06  01:00:00,800.9432514
 01/06  01:15:00,1136.565183
 01/06  01:30:00,1133.023937
 01/06  01:45:00,1132.739223
 01/06  02:00:00,1133.089392
 01/06  02:15:00,1133.37733
 01/06  02:30:00,1132.619127
 01/06  02:45:00,1133.11848
 01/06  03:00:00,1133.280456
 01/06  03:15:00,1133.19694
 01/06  03:30:00,1133.313949
 01/06  03:45:00,1133.18811
 01/06  04:00:00,-1
 01/06  04:15:00,1560.247365
 01/06  04:30:00,1551.962067
 01/06  04:45:00,1549.355614
 01/06  05:00:00,-1
 01/06  05:15:00,1555.234368
 01/06  05:30:00,1546.936075
 01/06  05:45:00,-1
 01/06  06:00:00,1124.239854
 01/06  06:15:00,1128.37121
 01/06  06:30:00,1129.513875
 01/06  06:45:00,1130.048586
 01/06  07:00:00,1131.205015
 01/06  07:15:00,1542.815125
 01/06  07:30:00,1511.796471
 01/06  07:45:00,1495.87295
 01/06  08:00:00,-1
 01/06  08:15:00,1086.130958
 01/06  08:30:00,1095.452721
 01/06  08:45:00,1113.832331
 01/06  09:00:00,976.8926277
 01/06  09:15:00,-1
 01/06  09:30:00,1553.434467
 01/06  09:45:00,-1
 01/06  10:00:00,1121.071162
 01/06  10:15:00,1124.470141
 01/06  10:30:00,1107.214851
 01/06  10:45:00,1093.765343
 01/06  11:00:00,1090.452246
 01/06  11:15:00,620.5915917
 01/06  11:30:00,-1
 01/06  11:45:00,1116.123826
 01/06  12:00:00,1122.306316
 01/06  12:15:00,1125.302729
 01/06  12:30:00,790.1107821
 01/06  12:45:00,-1
 01/06  13:00:00,1112.471357
 01/06  13:15:00,848.3650965
 01/06  13:30:00,0
 01/06  13:45:00,1011.961509
 01/06  14:00:00,793.4088177
 01/06  14:15:00,-1
 01/06  14:30:00,1140.179914
 01/06  14:45:00,532.5527349
 01/06  15:00:00,524.8960704
 01/06  15:15:00,1143.425048
 01/06  15:30:00,1139.855494
 01/06  15:45:00,270.1965951
 01/06  16:00:00,869.1638787
 01/06  16:15:00,1141.710312
 01/06  16:30:00,1140.72905
 01/06  16:45:00,-1
 01/06  17:00:00,1135.932354
 01/06  17:15:00,1023.696204
 01/06  17:30:00,-1
 01/06  17:45:00,1102.038451
 01/06  18:00:00,1114.628547
 01/06  18:15:00,1125.894007
 01/06  18:30:00,1129.283304
 01/06  18:45:00,1131.09698
 01/06  19:00:00,1131.662999
 01/06  19:15:00,1135.987081
 01/06  19:30:00,1136.574791
 01/06  19:45:00,1135.429142
 01/06  20:00:00,457.8078825
 01/06  20:15:00,827.5174965
 01/06  20:30:00,1139.129096
 01/06  20:45:00,1137.040061
 01/06  21:00:00,1137.240362
 01/06  21:15:00,1135.08306
 01/06  21:30:00,1132.936771
 01/06  21:45:00,1131.003138
 01/06  22:00:00,1131.782576
 01/06  22:15:00,1132.19555
 01/06  22:30:00,1132.637384
 01/06  22:45:00,1131.370143
 01/06  23:00:00,1131.97413
 01/06  23:15:00,1132.385628
 01/06  23:30:00,1131.44094
 01/06  23:45:00,1131.52793
 01/06  24:00:00,1132.164181
 01/07  00:15:00,796.9769631
 01/07  00:30:00,1564.33055
 01/07  00:45:00,1555.905644
 01/07  01:00:00,1548.87982
 01/07  01:15:00,1546.319079
 01/07  01:30:00,1545.168837
 01/07  01:45:00,-1
 01/07  02:00:00,1125.749961
 01/07  02:15:00,1127.764438
 01/07  02:30:00,1129.07225
 01/07  02:45:00,1130.602758
 01/07  03:00:00,1130.372365
 01/07  03:15:00,1130.676666
 01/07  03:30:00,1130.901336
 01/07  03:45:00,1130.919502
 01/07  04:00:00,1132.315477
 01/07  04:15:00,794.279691
 01/07  04:30:00,-1
 01/07  04:45:00,1557.257183
 01/07  05:00:00,1551.283619
 01/07  05:15:00,1547.428089
 01/07  05:30:00,1544.880893
 01/07  05:45:00,1122.273887
 01/07  06:00:00,1124.428215
 01/07  06:15:00,1127.949277
 01/07  06:30:00,1128.078123
 01/07  06:45:00,1129.439543
 01/07  07:00:00,1129.998447
 01/07  07:15:00,-1
 01/07  07:30:00,1557.649562
 01/07  07:45:00,1549.470747
 01/07  08:00:00,1547.373135
 01/07  08:15:00,-1
 01/07  08:30:00,825.2541171
 01/07  08:45:00,1125.474183
 01/07  09:00:00,1125.084497
 01/07  09:15:00,1126.623293
 01/07  09:30:00,1126.924401
 01/07  09:45:00,1558.658656
 01/07  10:00:00,1552.802577
 01/07  10:15:00,1547.292227
 01/07  10:30:00,-1
 01/07  10:45:00,1120.936375
 01/07  11:00:00,1126.5065
 01/07  11:15:00,1128.189346
 01/07  11:30:00,1129.866865
 01/07  11:45:00,1129.93853
 01/07  12:00:00,1131.062144
 01/07  12:15:00,1131.33376
 01/07  12:30:00,786.0643785
 01/07  12:45:00,1105.893541
 01/07  13:00:00,1097.14139
 01/07  13:15:00,1096.619131
 01/07  13:30:00,1121.420123
 01/07  13:45:00,1124.534511
 01/07  14:00:00,1126.728473
 01/07  14:15:00,1125.33391
 01/07  14:30:00,1126.804191
 01/07  14:45:00,1126.830884
 01/07  15:00:00,1127.820668
 01/07  15:15:00,1128.013956
 01/07  15:30:00,1127.642046
 01/07  15:45:00,1128.086372
 01/07  16:00:00,1128.536507
 01/07  16:15:00,1127.941641
 01/07  16:30:00,792.2419065
 01/07  16:45:00,1133.905776
 01/07  17:00:00,1129.760753
 01/07  17:15:00,1124.642813
 01/07  17:30:00,1558.218929
 01/07  17:45:00,1522.871639
 01/07  18:00:00,1501.317333
 01/07  18:15:00,1511.625382
 01/07  18:30:00,1531.509191
 01/07  18:45:00,1112.573867
 01/07  19:00:00,1117.003313
 01/07  19:15:00,1111.19219
 01/07  19:30:00,1123.219463
 01/07  19:45:00,1123.734921
 01/07  20:00:00,1125.408831
 01/07  20:15:00,1127.629597
 01/07  20:30:00,1088.092465
 01/07  20:45:00,831.2351067
 01/07  21:00:00,1130.295893
 01/07  21:15:00,1125.922197
 01/07  21:30:00,1108.254209
 01/07  21:45:00,1094.295139
 01/07  22:00:00,1090.526084
 01/07  22:15:00,1109.410264
 01/07  22:30:00,1117.539635
 01/07  22:45:00,1121.963174
 01/07  23:00:00,1122.773951
 01/07  23:15:00,1124.244963
 01/07  23:30:00,1125.486202
 01/07  23:45:00,1125.796506
 01/07  24:00:00,1125.129344
 01/08  00:15:00,1128.238701
 01/08  00:30:00,1127.633426
 01/08  00:45:00,793.5175323
 01/08  01:00:00,1130.449276
 01/08  01:15:00,1126.592623
 01/08  01:30:00,1557.46043
 01/08  01:45:00,1549.919192
 01/08  02:00:00,1544.155867
 01/08  02:15:00,1542.682302
 01/08  02:30:00,1540.415804
 01/08  02:45:00,1538.905009
 01/08  03:00:00,1538.380942
 01/08  03:15:00,1536.372828
 01/08  03:30:00,1536.846108
 01/08  03:45:00,1536.315424
 01/08  04:00:00,1536.619671
 01/08  04:15:00,-1
 01/08  04:30:00,1112.345075
 01/08  04:45:00,784.2498264
 01/08  05:00:00,1123.98035
 01/08  05:15:00,-1
 01/08  05:30:00,1543.688162
 01/08  05:45:00,1537.585203
 01/08  06:00:00,1535.557545
 01/08  06:15:00,1534.220454
 01/08  06:30:00,1533.293476
 01/08  06:45:00,1530.330206
 01/08  07:00:00,1531.982565
 01/08  07:15:00,1523.985098
 01/08  07:30:00,1498.349343
 01/08  07:45:00,1481.079787
 01/08  08:00:00,1475.573054
 01/08  08:15:00,1474.919354
 01/08  08:30:00,1504.757802
 01/08  08:45:00,1468.428315
 01/08  09:00:00,1122.812624
 01/08  09:15:00,1524.107021
 01/08  09:30:00,1521.130415
 01/08  09:45:00,-1
 01/08  10:00:00,1104.863584
 01/08  10:15:00,1110.655472
 01/08  10:30:00,1112.178317
 01/08  10:45:00,1113.699696
 01/08  11:00:00,1116.644037
 01/08  11:15:00,1115.637679
 01/08  11:30:00,1117.098978
 01/08  11:45:00,1115.970224
 01/08  12:00:00,1119.998449
 01/08  12:15:00,1112.525765
 01/08  12:30:00,1095.740247
 01/08  12:45:00,1088.412689
 01/08  13:00:00,768.4286625
 01/08  13:15:00,1109.699234
 01/08  13:30:00,1113.8437
 01/08  13:45:00,1115.964184
 01/08  14:00:00,1116.765609
 01/08  14:15:00,1119.00022
 01/08  14:30:00,1118.815192
 01/08  14:45:00,1120.127821
 01/08  15:00:00,1119.718818
 01/08  15:15:00,1120.575193
 01/08  15:30:00,1121.155404
 01/08  15:45:00,1121.239523
 01/08  16:00:00,1120.919706
 01/08  16:15:00,1123.229574
 01/08  16:30:00,1122.662172
 01/08  16:45:00,1122.03254
 01/08  17:00:00,791.7274773
 01/08  17:15:00,1516.738154
 01/08  17:30:00,1551.545555
 01/08  17:45:00,1526.718506
 01/08  18:00:00,1497.557898
 01/08  18:15:00,1491.430757
 01/08  18:30:00,1513.130518
 01/08  18:45:00,1520.004718
 01/08  19:00:00,1523.105907
 01/08  19:15:00,1523.553429
 01/08  19:30:00,1525.915038
 01/08  19:45:00,1524.649191
 01/08  20:00:00,1525.317503
 01/08  20:15:00,1526.197434
 01/08  20:30:00,1526.549017
 01/08  20:45:00,1525.913346
 01/08  21:00:00,1479.852859
 01/08  21:15:00,775.3019787
 01/08  21:30:00,-1
 01/08  21:45:00,1481.303867
 01/08  22:00:00,-1
 01/08  22:15:00,1069.235393
 01/08  22:30:00,1097.888081
 01/08  22:45:00,1104.342512
 01/08  23:00:00,1109.297561
 01/08  23:15:00,1118.80023
 01/08  23:30:00,1535.462239
 01/08  23:45:00,1527.993839
 01/08  24:00:00,1526.462542
 01/09  00:15:00,1524.521727
 01/09  00:30:00,1523.141363
 01/09  00:45:00,1521.661618
 01/09  01:00:00,1521.955166
 01/09  01:15:00,-1
 01/09  01:30:00,1529.635241
 01/09  01:45:00,1522.718058
 01/09  02:00:00,1522.001318
 01/09  02:15:00,1520.905195
 01/09  02:30:00,1521.131509
 01/09  02:45:00,1520.714406
 01/09  03:00:00,1520.681635
 01/09  03:15:00,1520.434931
 01/09  03:30:00,1520.215926
 01/09  03:45:00,1522.220198
 01/09  04:00:00,1520.662869
 01/09  04:15:00,1520.286182
 01/09  04:30:00,1520.110837
 01/09  04:45:00,1519.136915
 01/09  05:00:00,1519.805145
 01/09  05:15:00,-1
 01/09  05:30:00,1529.014986
 01/09  05:45:00,1520.626618
 01/09  06:00:00,1518.629611
 01/09  06:15:00,1516.998116
 01/09  06:30:00,1650.153416
 01/09  06:45:00,2866.320735
 01/09  07:00:00,3332.932048
 01/09  07:15:00,3340.634654
 01/09  07:30:00,1503.13478
 01/09  07:45:00,0
 01/09  08:00:00,0
 01/09  08:15:00,460.36692
 01/09  08:30:00,1839.667613
 01/09  08:45:00,1837.867547
 01/09  09:00:00,1842.367712
 01/09  09:15:00,1848.667944
 01/09  09:30:00,1851.368043
 01/09  09:45:00,182.9767248
 01/09  10:00:00,0
 01/09  10:15:00,1484.154546
 01/09  10:30:00,1845.967844
 01/09  10:45:00,1861.268406
 01/09  11:00:00,1854.068142
 01/09  11:15:00,1856.768242
 01/09  11:30:00,388.8142902
 01/09  11:45:00,0
 01/09  12:00:00,456.3167706
 01/09  12:15:00,1861.268406
 01/09  12:30:00,1855.868208
 01/09  12:45:00,886.5325827
 01/09  13:00:00,0
 01/09  13:15:00,0
 01/09  13:30:00,1304.147931
 01/09  13:45:00,1871.168771
 01/09  14:00:00,1597.558714
 01/09  14:15:00,0
 01/09  14:30:00,0
 01/09  14:45:00,1260.04631
 01/09  15:00:00,1865.768572
 01/09  15:15:00,1777.56533
 01/09  15:30:00,0
 01/09  15:45:00,0
 01/09  16:00:00,1457.153555
 01/09  16:15:00,1859.468341
 01/09  16:30:00,1276.246905
 01/09  16:45:00,0
 01/09  17:00:00,329.4121068
 01/09  17:15:00,1860.368374
 01/09  17:30:00,1858.568307
 01/09  17:45:00,1212.344557
 01/09  18:00:00,0
 01/09  18:15:00,352.3629501
 01/09  18:30:00,1859.468341
 01/09  18:45:00,1856.768242
 01/09  19:00:00,465.767118
 01/09  19:15:00,0
 01/09  19:30:00,1193.443862
 01/09  19:45:00,1858.568307
 01/09  20:00:00,1861.268406
 01/09  20:15:00,1803.66629
 01/09  20:30:00,510.318756
 01/09  20:45:00,0
 01/09  21:00:00,241.0288587
 01/09  21:15:00,1796.466025
 01/09  21:30:00,1868.468671
 01/09  21:45:00,1864.868539
 01/09  22:00:00,1292.447501
 01/09  22:15:00,0
 01/09  22:30:00,216.0079389
 01/09  22:45:00,1777.56533
 01/09  23:00:00,1881.969168
 01/09  23:15:00,1879.269068
 01/09  23:30:00,499.5183582
 01/09  23:45:00,0
 01/09  24:00:00,1233.045318
 01/10  00:15:00,1880.169101
 01/10  00:30:00,1877.469002
 01/10  00:45:00,1878.369035
 01/10  01:00:00,461.0869461
 01/10  01:15:00,0
 01/10  01:30:00,1536.356465
 01/10  01:45:00,1878.369035
 01/10  02:00:00,1881.969168
 01/10  02:15:00,1818.066819
 01/10  02:30:00,1328.448824
 01/10  02:45:00,0
 01/10  03:00:00,390.1643397
 01/10  03:15:00,1872.968837
 01/10  03:30:00,1873.86887
 01/10  03:45:00,1870.268738
 01/10  04:00:00,1746.064173
 01/10  04:15:00,0
 01/10  04:30:00,284.8604697
 01/10  04:45:00,1841.467679
 01/10  05:00:00,1871.168771
 01/10  05:15:00,1870.268738
 01/10  05:30:00,1800.966191
 01/10  05:45:00,0
 01/10  06:00:00,281.5303473
 01/10  06:15:00,1834.267415
 01/10  06:30:00,1863.968506
 01/10  06:45:00,1862.16844
 01/10  07:00:00,1398.651404
 01/10  07:15:00,0
 01/10  07:30:00,871.2320202
 01/10  07:45:00,1859.468341
 01/10  08:00:00,1864.868539
 01/10  08:15:00,1064.739132
 01/10  08:30:00,0
 01/10  08:45:00,554.8703931
 01/10  09:00:00,1868.468671
 01/10  09:15:00,1872.068803
 01/10  09:30:00,709.4960757
 01/10  09:45:00,0
 01/10  10:00:00,0
 01/10  10:15:00,0
 01/10  10:30:00,1168.242936
 01/10  10:45:00,1875.668936
 01/10  11:00:00,538.6697973
 01/10  11:15:00,0
 01/10  11:30:00,446.2364007
 01/10  11:45:00,1140.34191
 01/10  12:00:00,0
 01/10  12:15:00,278.8302474
 01/10  12:30:00,1458.053587
 01/10  12:45:00,0
 01/10  13:00:00,0
 01/10  13:15:00,1049.43857
 01/10  13:30:00,941.4346005
 01/10  13:45:00,0
 01/10  14:00:00,581.8713849
 01/10  14:15:00,1523.756003
 01/10  14:30:00,0
 01/10  14:45:00,0
 01/10  15:00:00,421.2154809
 01/10  15:15:00,1886.469332
 01/10  15:30:00,473.2373925
 01/10  15:45:00,0
 01/10  16:00:00,538.6697973
 01/10  16:15:00,1581.358119
 01/10  16:30:00,0
 01/10  16:45:00,0
 01/10  17:00:00,1546.256829
 01/10  17:15:00,744.3273564
 01/10  17:30:00,0
 01/10  17:45:00,1185.343565
 01/10  18:00:00,889.2326817
 01/10  18:15:00,0
 01/10  18:30:00,1454.453455
 01/10  18:45:00,1510.255506
 01/10  19:00:00,0
 01/10  19:15:00,353.0829771
 01/10  19:30:00,1841.467679
 01/10  19:45:00,1568.757656
 01/10  20:00:00,0
 01/10  20:15:00,176.2264764
 01/10  20:30:00,1705.562684
 01/10  20:45:00,1850.468009
 01/10  21:00:00,1850.468009
 01/10  21:15:00,207.2776176
 01/10  21:30:00,147.1554081
 01/10  21:45:00,1685.761956
 01/10  22:00:00,1852.268076
 01/10  22:15:00,550.1902212
 01/10  22:30:00,0
 01/10  22:45:00,1000.836783
 01/10  23:00:00,1861.268406
 01/10  23:15:00,1859.468341
 01/10  23:30:00,1853.168108
 01/10  23:45:00,161.375931
 01/10  24:00:00,0
 01/11  00:15:00,1485.954613
 01/11  00:30:00,1857.668274
 01/11  00:45:00,1854.968175
 01/11  01:00:00,1852.268076
 01/11  01:15:00,1853.168108
 01/11  01:30:00,1373.450478
 01/11  01:45:00,0
 01/11  02:00:00,367.9335225
 01/11  02:15:00,1849.567976
 01/11  02:30:00,1844.167778
 01/11  02:45:00,1837.867547
 01/11  03:00:00,1839.667613
 01/11  03:15:00,1829.767249
 01/11  03:30:00,1830.667282
 01/11  03:45:00,307.811313
 01/11  04:00:00,0
 01/11  04:15:00,1532.756333
 01/11  04:30:00,1830.667282
 01/11  04:45:00,1828.867216
 01/11  05:00:00,1823.467018
 01/11  05:15:00,1817.166785
 01/11  05:30:00,1814.466686
 01/11  05:45:00,1594.858615
 01/11  06:00:00,0
 01/11  06:15:00,388.1842668
 01/11  06:30:00,1805.466356
 01/11  06:45:00,1805.466356
 01/11  07:00:00,1801.866224
 01/11  07:15:00,1787.465694
 01/11  07:30:00,1785.665628
 01/11  07:45:00,1785.665628
 01/11  08:00:00,916.2336744
 01/11  08:15:00,0
 01/11  08:30:00,271.3599729
 01/11  08:45:00,1775.765264
 01/11  09:00:00,1816.266753
 01/11  09:15:00,1817.166785
 01/11  09:30:00,1814.466686
 01/11  09:45:00,1818.966852
 01/11  10:00:00,1009.837114
 01/11  10:15:00,0
 01/11  10:30:00,178.2065493
 01/11  10:45:00,1697.462386
 01/11  11:00:00,1827.06715
 01/11  11:15:00,1823.467018
 01/11  11:30:00,1509.355472
 01/11  11:45:00,0
 01/11  12:00:00,150.5755341
 01/11  12:15:00,1677.661658
 01/11  12:30:00,1833.367381
 01/11  12:45:00,1836.06748
 01/11  13:00:00,208.627668
 01/11  13:15:00,0
 01/11  13:30:00,980.1360225
 01/11  13:45:00,1821.666951
 01/11  14:00:00,1405.851669
 01/11  14:15:00,0
 01/11  14:30:00,322.0318359
 01/11  14:45:00,1832.467348
 01/11  15:00:00,1503.055241
 01/11  15:15:00,22.275819
 01/11  15:30:00,-1
 01/11  15:45:00,1827.92225
 01/11  16:00:00,3041.479447
 01/11  16:15:00,3087.646275
 01/11  16:30:00,1578.313547
 01/11  16:45:00,1576.392536
 01/11  17:00:00,1573.551645
 01/11  17:15:00,1571.556743
 01/11  17:30:00,-1
 01/11  17:45:00,1138.019423
 01/11  18:00:00,1143.62807
 01/11  18:15:00,1145.59283
 01/11  18:30:00,1145.649322
 01/11  18:45:00,1146.884538
 01/11  19:00:00,1145.690809
 01/11  19:15:00,1146.093197
 01/11  19:30:00,808.0301286
 01/11  19:45:00,1147.664288
 01/11  20:00:00,1145.602638
 01/11  20:15:00,1144.160515
 01/11  20:30:00,-1
 01/11  20:45:00,-1
 01/11  21:00:00,1140.058688
 01/11  21:15:00,1144.151027
 01/11  21:30:00,1145.002245
 01/11  21:45:00,1145.086799
 01/11  22:00:00,1144.686664
 01/11  22:15:00,1146.688385
 01/11  22:30:00,1145.676142
 01/11  22:45:00,1144.828006
 01/11  23:00:00,1144.716931
 01/11  23:15:00,1145.545466
 01/11  23:30:00,805.0932729
 01/11  23:45:00,1149.766071
 01/11  24:00:00,1145.704111
 01/12  00:15:00,1144.632907
 01/12  00:30:00,1144.023729
 01/12  00:45:00,1143.012065
 01/12  01:00:00,1143.689343
 01/12  01:15:00,1143.417535
 01/12  01:30:00,1142.568622
 01/12  01:45:00,1142.149272
 01/12  02:00:00,1141.918768
 01/12  02:15:00,1141.051631
 01/12  02:30:00,1140.430804
 01/12  02:45:00,1140.371446
 01/12  03:00:00,1140.273777
 01/12  03:15:00,1103.118301
 01/12  03:30:00,883.2610971
 01/12  03:45:00,1028.695037
 01/12  04:00:00,1141.264268
 01/12  04:15:00,1139.204687
 01/12  04:30:00,1138.186679
 01/12  04:45:00,1143.840799
 01/12  05:00:00,1569.94831
 01/12  05:15:00,1561.431604
 01/12  05:30:00,1549.71539
 01/12  05:45:00,1127.713316
 01/12  06:00:00,1131.773267
 01/12  06:15:00,1133.228599
 01/12  06:30:00,1134.42774
 01/12  06:45:00,1134.43212
 01/12  07:00:00,1135.097858
 01/12  07:15:00,1125.419036
 01/12  07:30:00,1138.849752
 01/12  07:45:00,-1
 01/12  08:00:00,1560.67433
 01/12  08:15:00,-1
 01/12  08:30:00,1125.113594
 01/12  08:45:00,1129.152422
 01/12  09:00:00,1127.475272
 01/12  09:15:00,1128.067987
 01/12  09:30:00,1128.415349
 01/12  09:45:00,1128.102271
 01/12  10:00:00,1129.566027
 01/12  10:15:00,-1
 01/12  10:30:00,1559.647727
 01/12  10:45:00,1550.264631
 01/12  11:00:00,1548.275126
 01/12  11:15:00,-1
 01/12  11:30:00,1119.448251
 01/12  11:45:00,757.6737048
 01/12  12:00:00,1133.055979
 01/12  12:15:00,1128.132685
 01/12  12:30:00,1129.200206
 01/12  12:45:00,1127.955075
 01/12  13:00:00,1128.91665
 01/12  13:15:00,1129.044759
 01/12  13:30:00,1127.971602
 01/12  13:45:00,1128.773943
 01/12  14:00:00,1129.596946
 01/12  14:15:00,1131.014354
 01/12  14:30:00,1121.603252
 01/12  14:45:00,1103.674579
 01/12  15:00:00,1093.988261
 01/12  15:15:00,1097.994552
 01/12  15:30:00,1114.532268
 01/12  15:45:00,869.5033218
 01/12  16:00:00,1047.637361
 01/12  16:15:00,1125.48411
 01/12  16:30:00,1124.274281
 01/12  16:45:00,1124.946828
 01/12  17:00:00,1126.311434
 01/12  17:15:00,1125.859772
 01/12  17:30:00,1126.321235
 01/12  17:45:00,1120.810547
 01/12  18:00:00,1103.907937
 01/12  18:15:00,1092.734648
 01/12  18:30:00,1108.714667
 01/12  18:45:00,1115.572443
 01/12  19:00:00,1118.999869
 01/12  19:15:00,1120.459514
 01/12  19:30:00,1122.387098
 01/12  19:45:00,1121.465291
 01/12  20:00:00,793.1322918
 01/12  20:15:00,1124.675728
 01/12  20:30:00,1121.421804
 01/12  20:45:00,1124.786018
 01/12  21:00:00,1125.580323
 01/12  21:15:00,1117.493388
 01/12  21:30:00,1098.320772
 01/12  21:45:00,1085.633788
 01/12  22:00:00,1085.227306
 01/12  22:15:00,1095.265499
 01/12  22:30:00,1111.798085
 01/12  22:45:00,1116.603987
 01/12  23:00:00,1119.496747
 01/12  23:15:00,1121.293146
 01/12  23:30:00,1121.45009
 01/12  23:45:00,1117.539229
 01/12  24:00:00,753.3592101
 01/13  00:15:00,1123.636625
 01/13  00:30:00,1120.512869
 01/13  00:45:00,1119.646124
 01/13  01:00:00,1543.03333
 01/13  01:15:00,1540.245786
 01/13  01:30:00,1535.404394
 01/13  01:45:00,1533.470639
 01/13  02:00:00,1524.957272
 01/13  02:15:00,1108.921478
 01/13  02:30:00,1114.78585
 01/13  02:45:00,1115.410762
 01/13  03:00:00,1117.421503
 01/13  03:15:00,1118.498669
 01/13  03:30:00,-1
 01/13  03:45:00,1543.302736
 01/13  04:00:00,1191.005472
 01/13  04:15:00,1432.49752
 01/13  04:30:00,1530.572004
 01/13  04:45:00,1527.327574
 01/13  05:00:00,1525.600528
 01/13  05:15:00,1523.545033
 01/13  05:30:00,1521.219638
 01/13  05:45:00,1520.838513
 01/13  06:00:00,1521.371498
 01/13  06:15:00,-1
 01/13  06:30:00,1518.904336
 01/13  06:45:00,1518.412401
 01/13  07:00:00,1518.302042
 01/13  07:15:00,1510.789552
 01/13  07:30:00,1481.892548
 01/13  07:45:00,1464.85119
 01/13  08:00:00,1460.316767
 01/13  08:15:00,-1
 01/13  08:30:00,1493.489594
 01/13  08:45:00,1503.538718
 01/13  09:00:00,1507.445244
 01/13  09:15:00,1508.416102
 01/13  09:30:00,-1
 01/13  09:45:00,1096.251843
 01/13  10:00:00,1102.732078
 01/13  10:15:00,1095.41499
 01/13  10:30:00,1105.578712
 01/13  10:45:00,1106.540888
 01/13  11:00:00,1107.550869
 01/13  11:15:00,1070.668535
 01/13  11:30:00,1000.250711
 01/13  11:45:00,252.9890478
 01/13  12:00:00,1114.355256
 01/13  12:15:00,1104.324042
 01/13  12:30:00,1085.884987
 01/13  12:45:00,1078.376588
 01/13  13:00:00,-1
 01/13  13:15:00,728.4219372
 01/13  13:30:00,1110.603396
 01/13  13:45:00,1110.378343
 01/13  14:00:00,707.5114488
 01/13  14:15:00,514.203354
 01/13  14:30:00,1116.255558
 01/13  14:45:00,1115.583485
 01/13  15:00:00,1116.776255
 01/13  15:15:00,190.6197822
 01/13  15:30:00,850.6195623
 01/13  15:45:00,1082.495635
 01/13  16:00:00,39.0385107
 01/13  16:15:00,1116.553533
 01/13  16:30:00,974.3259591
 01/13  16:45:00,-1
 01/13  17:00:00,1125.435475
 01/13  17:15:00,937.1618154
 01/13  17:30:00,329.2117857
 01/13  17:45:00,1122.94998
 01/13  18:00:00,629.5813488
 01/13  18:15:00,500.5348578
 01/13  18:30:00,1101.901702
 01/13  18:45:00,1110.693459
 01/13  19:00:00,1114.297541
 01/13  19:15:00,-1
 01/13  19:30:00,1118.646124
 01/13  19:45:00,1117.536876
 01/13  20:00:00,1117.297322
 01/13  20:15:00,1117.552989
 01/13  20:30:00,857.2603338
 01/13  20:45:00,477.5392791
 01/13  21:00:00,1120.898213
 01/13  21:15:00,1113.205302
 01/13  21:30:00,1093.73504
 01/13  21:45:00,1081.815894
 01/13  22:00:00,1079.514019
 01/13  22:15:00,1089.682689
 01/13  22:30:00,1104.467764
 01/13  22:45:00,706.3464501
 01/13  23:00:00,439.6211217
 01/13  23:15:00,1112.992535
 01/13  23:30:00,1111.678761
 01/13  23:45:00,1110.331211
 01/13  24:00:00,1111.8859
 01/14  00:15:00,1111.866023
 01/14  00:30:00,1112.702711
 01/14  00:45:00,1111.880385
 01/14  01:00:00,1112.612102
 01/14  01:15:00,1112.303416
 01/14  01:30:00,1112.026795
 01/14  01:45:00,1112.480843
 01/14  02:00:00,1110.604997
 01/14  02:15:00,1530.161218
 01/14  02:30:00,1528.457578
 01/14  02:45:00,1522.600996
 01/14  03:00:00,-1
 01/14  03:15:00,1107.386478
 01/14  03:30:00,1108.818673
 01/14  03:45:00,1108.446588
 01/14  04:00:00,1110.413686
 01/14  04:15:00,1109.416766
 01/14  04:30:00,1110.934085
 01/14  04:45:00,1110.699726
 01/14  05:00:00,1110.673785
 01/14  05:15:00,1110.456116
 01/14  05:30:00,1110.437824
 01/14  05:45:00,1110.317659
 01/14  06:00:00,-1
 01/14  06:15:00,1530.817436
 01/14  06:30:00,1522.850568
 01/14  06:45:00,1518.181215
 01/14  07:00:00,1471.66605
 01/14  07:15:00,1110.375266
 01/14  07:30:00,1481.856037
 01/14  07:45:00,1462.372372
 01/14  08:00:00,-1
 01/14  08:15:00,1053.126577
 01/14  08:30:00,1083.575817
 01/14  08:45:00,1093.769899
 01/14  09:00:00,1099.554063
 01/14  09:15:00,1102.209035
 01/14  09:30:00,1102.866311
 01/14  09:45:00,1103.00291
 01/14  10:00:00,1104.868889
 01/14  10:15:00,1104.603617
 01/14  10:30:00,1104.753773
 01/14  10:45:00,1104.651968
 01/14  11:00:00,998.2133964
 01/14  11:15:00,-1
 01/14  11:30:00,1110.591133
 01/14  11:45:00,1109.735375
 01/14  12:00:00,482.7682674
 01/14  12:15:00,435.6695871
 01/14  12:30:00,1090.572621
 01/14  12:45:00,-1
 01/14  13:00:00,573.8387535
 01/14  13:15:00,1103.385911
 01/14  13:30:00,0
 01/14  13:45:00,845.2586916
 01/14  14:00:00,1112.706718
 01/14  14:15:00,891.6206832
 01/14  14:30:00,0
 01/14  14:45:00,0
 01/14  15:00:00,0
 01/14  15:15:00,-1
 01/14  15:30:00,1125.597319
 01/14  15:45:00,712.797939
 01/14  16:00:00,-1
 01/14  16:15:00,1122.380934
 01/14  16:30:00,486.4699017
 01/14  16:45:00,557.3074329
 01/14  17:00:00,1119.969353
 01/14  17:15:00,634.3844463
 01/14  17:30:00,281.7951444
 01/14  17:45:00,1086.186642
 01/14  18:00:00,-1
 01/14  18:15:00,875.5154217
 01/14  18:30:00,854.4121002
 01/14  18:45:00,178.7603652
 01/14  19:00:00,1117.634013
 01/14  19:15:00,632.8155825
 01/14  19:30:00,521.3987424
 01/14  19:45:00,1118.982969
 01/14  20:00:00,595.8408555
 01/14  20:15:00,589.22577
 01/14  20:30:00,1118.739023
 01/14  20:45:00,450.9160317
 01/14  21:00:00,701.2152738
 01/14  21:15:00,1112.6423
 01/14  21:30:00,1092.518586
 01/14  21:45:00,1079.829661
 01/14  22:00:00,398.5672869
 01/14  22:15:00,544.9054824
 01/14  22:30:00,1102.747768
 01/14  22:45:00,1107.400439
 01/14  23:00:00,742.0664376
 01/14  23:15:00,-1
 01/14  23:30:00,1111.959285
 01/14  23:45:00,1108.852461
 01/14  24:00:00,1107.934995
 08/15  00:15:00,0
 08/15  00:30:00,0
 08/15  00:45:00,759.5382123
 08/15  01:00:00,1119.36983
 08/15  01:15:00,1118.567444
 08/15  01:30:00,720.4561524
 08/15  01:45:00,0
 08/15  02:00:00,0
 08/15  02:15:00,0
 08/15  02:30:00,1095.295391
 08/15  02:45:00,1119.112331
 08/15  03:00:00,1119.267638
 08/15  03:15:00,-1
 08/15  03:30:00,0
 08/15  03:45:00,0
 08/15  04:00:00,0
 08/15  04:15:00,0
 08/15  04:30:00,952.6465602
 08/15  04:45:00,1132.73638
 08/15  05:00:00,1128.639051
 08/15  05:15:00,1124.53787
 08/15  05:30:00,-1
 08/15  05:45:00,0
 08/15  06:00:00,0
 08/15  06:15:00,0
 08/15  06:30:00,185.9599476
 08/15  06:45:00,1135.908138
 08/15  07:00:00,1141.792808
 08/15  07:15:00,1136.323429
 08/15  07:30:00,1132.817091
 08/15  07:45:00,1128.982483
 08/15  08:00:00,1124.766183
 08/15  08:15:00,1123.294281
 08/15  08:30:00,718.6648878
 08/15  08:45:00,0
 08/15  09:00:00,0
 08/15  09:15:00,803.1348072
 08/15  09:30:00,1133.496809
 08/15  09:45:00,1140.183243
 08/15  10:00:00,1136.265836
 08/15  10:15:00,1132.094129
 08/15  10:30:00,1131.123188
 08/15  10:45:00,1131.886328
 08/15  11:00:00,1130.296714
 08/15  11:15:00,1131.355056
 08/15  11:30:00,1130.463833
 08/15  11:45:00,1133.804212
 08/15  12:00:00,1138.886156
 08/15  12:15:00,1132.460138
 08/15  12:30:00,1127.488451
 08/15  12:45:00,1127.98377
 08/15  13:00:00,1126.510845
 08/15  13:15:00,805.5227349
 08/15  13:30:00,1129.28029
 08/15  13:45:00,1127.753028
 08/15  14:00:00,1129.183588
 08/15  14:15:00,1125.929282
 08/15  14:30:00,1126.412829
 08/15  14:45:00,1125.538471
 08/15  15:00:00,1126.836065
 08/15  15:15:00,1124.618303
 08/15  15:30:00,1120.281832
 08/15  15:45:00,1115.500392
 08/15  16:00:00,1115.599112
 08/15  16:15:00,1112.543917
 08/15  16:30:00,1120.052141
 08/15  16:45:00,1126.574898
 08/15  17:00:00,1121.636871
 08/15  17:15:00,742.7173059
 08/15  17:30:00,1123.084727
 08/15  17:45:00,1117.390226
 08/15  18:00:00,1121.187137
 08/15  18:15:00,1090.619015
 08/15  18:30:00,1472.359332
 08/15  18:45:00,1461.034076
 08/15  19:00:00,1457.837338
 08/15  19:15:00,1475.607966
 08/15  19:30:00,1098.650993
 08/15  19:45:00,1105.534755
 08/15  20:00:00,1105.230675
 08/15  20:15:00,1108.076899
 08/15  20:30:00,1120.914778
 08/15  20:45:00,1126.539691
 08/15  21:00:00,1124.783551
 08/15  21:15:00,1127.473962
 08/15  21:30:00,791.9684361
 08/15  21:45:00,1121.61693
 08/15  22:00:00,1116.901611
 08/15  22:15:00,1116.551164
 08/15  22:30:00,937.5687018
 08/15  22:45:00,0
 08/15  23:00:00,-1
 08/15  23:15:00,1110.068487
 08/15  23:30:00,1118.463864
 08/15  23:45:00,1119.251051
 08/15  24:00:00,1117.178438
 08/16  00:15:00,495.4096728
 08/16  00:30:00,0
 08/16  00:45:00,0
 08/16  01:00:00,422.319744
 08/16  01:15:00,1114.875862
 08/16  01:30:00,1117.474545
 08/16  01:45:00,336.5367966
 08/16  02:00:00,0
 08/16  02:15:00,0
 08/16  02:30:00,1094.203994
 08/16  02:45:00,1117.373618
 08/16  03:00:00,798.6006504
 08/16  03:15:00,0
 08/16  03:30:00,0
 08/16  03:45:00,573.8522967
 08/16  04:00:00,1116.572095
 08/16  04:15:00,1119.614758
 08/16  04:30:00,1118.297904
 08/16  04:45:00,-1
 08/16  05:00:00,0
 08/16  05:15:00,0
 08/16  05:30:00,0
 08/16  05:45:00,528.7928481
 08/16  06:00:00,1123.96244
 08/16  06:15:00,1124.539035
 08/16  06:30:00,1127.652906
 08/16  06:45:00,1134.991511
 08/16  07:00:00,1132.218322
 08/16  07:15:00,1124.210449
 08/16  07:30:00,1122.25782
 08/16  07:45:00,452.3315004
 08/16  08:00:00,0
 08/16  08:15:00,0
 08/16  08:30:00,-1
 08/16  08:45:00,1122.853726
 08/16  09:00:00,1123.663653
 08/16  09:15:00,1125.285573
 08/16  09:30:00,1125.338754
 08/16  09:45:00,1124.656558
 08/16  10:00:00,1122.608274
 08/16  10:15:00,1129.79102
 08/16  10:30:00,1145.539088
 08/16  10:45:00,1171.333814
 08/16  11:00:00,1157.198337
 08/16  11:15:00,1146.578432
 08/16  11:30:00,1140.036801
 08/16  11:45:00,429.2741187
 08/16  12:00:00,0
 08/16  12:15:00,1146.501042
 08/16  12:30:00,1131.952797
 08/16  12:45:00,1139.109387
 08/16  13:00:00,1135.218607
 08/16  13:15:00,1131.297116
 08/16  13:30:00,690.4744614
 08/16  13:45:00,-1
 08/16  14:00:00,1118.856914
 08/16  14:15:00,1123.857715
 08/16  14:30:00,1125.019695
 08/16  14:45:00,1124.820378
 08/16  15:00:00,1125.356899
 08/16  15:15:00,1124.604533
 08/16  15:30:00,1124.02249
 08/16  15:45:00,1120.502901
 08/16  16:00:00,1118.609994
 08/16  16:15:00,1118.246549
 08/16  16:30:00,1119.104208
 08/16  16:45:00,1126.969943
 08/16  17:00:00,1121.043167
 08/16  17:15:00,1118.17014
 08/16  17:30:00,1114.322144
 08/16  17:45:00,714.2574123
 08/16  18:00:00,299.4355152
 08/16  18:15:00,1107.156072
 08/16  18:30:00,1112.637014
 08/16  18:45:00,1114.513481
 08/16  19:00:00,1117.573425
 08/16  19:15:00,1115.146523
 08/16  19:30:00,1114.816285
 08/16  19:45:00,1113.313337
 08/16  20:00:00,1111.682565
 08/16  20:15:00,529.2184914
 08/16  20:30:00,0
 08/16  20:45:00,1019.986794
 08/16  21:00:00,1124.242844
 08/16  21:15:00,1122.786077
 08/16  21:30:00,1121.714843
 08/16  21:45:00,1121.301669
 08/16  22:00:00,873.3578112
 08/16  22:15:00,0
 08/16  22:30:00,0
 08/16  22:45:00,689.519502
 08/16  23:00:00,1114.588299
 08/16  23:15:00,1117.959281
 08/16  23:30:00,1120.080198
 08/16  23:45:00,666.8430489
 08/16  24:00:00,0
 08/17  00:15:00,0
 08/17  00:30:00,0
 08/17  00:45:00,-1
 08/17  01:00:00,1111.894057
 08/17  01:15:00,1114.628975
 08/17  01:30:00,1116.271402
 08/17  01:45:00,897.5022084
 08/17  02:00:00,0
 08/17  02:15:00,0
 08/17  02:30:00,0
 08/17  02:45:00,0
 08/17  03:00:00,0
 08/17  03:15:00,0
 08/17  03:30:00,988.6639563
 08/17  03:45:00,1124.426714
 08/17  04:00:00,1123.079169
 08/17  04:15:00,-1
 08/17  04:30:00,0
 08/17  04:45:00,0
 08/17  05:00:00,0
 08/17  05:15:00,0
 08/17  05:30:00,0
 08/17  05:45:00,-1
 08/17  06:00:00,1127.220746
 08/17  06:15:00,1129.338408
 08/17  06:30:00,1130.544361
 08/17  06:45:00,411.3054054
 08/17  07:00:00,0
 08/17  07:15:00,0
 08/17  07:30:00,0
 08/17  07:45:00,754.0781994
 08/17  08:00:00,1127.968862
 08/17  08:15:00,1127.807195
 08/17  08:30:00,1125.398022
 08/17  08:45:00,-1
 08/17  09:00:00,0
 08/17  09:15:00,-1
 08/17  09:30:00,1121.622621
 08/17  09:45:00,1128.26244
 08/17  10:00:00,1126.858992
 08/17  10:15:00,1126.803167
 08/17  10:30:00,1124.7796
 08/17  10:45:00,1126.459591
 08/17  11:00:00,1126.486409
 08/17  11:15:00,309.9777291
 08/17  11:30:00,0
 08/17  11:45:00,1121.608478
 08/17  12:00:00,1123.745149
 08/17  12:15:00,1125.416149
 08/17  12:30:00,1125.908087
 08/17  12:45:00,1123.450636
 08/17  13:00:00,1124.669572
 08/17  13:15:00,1122.335357
 08/17  13:30:00,378.2269386
 08/17  13:45:00,0
 08/17  14:00:00,487.732716
 08/17  14:15:00,1118.091729
 08/17  14:30:00,1119.315572
 08/17  14:45:00,1122.093662
 08/17  15:00:00,1122.569561
 08/17  15:15:00,1121.453895
 08/17  15:30:00,1118.128057
 08/17  15:45:00,1114.785753
 08/17  16:00:00,1110.373689
 08/17  16:15:00,1108.506534
 08/17  16:30:00,1106.120228
 08/17  16:45:00,1106.891178
 08/17  17:00:00,1106.01973
 08/17  17:15:00,1102.167005
 08/17  17:30:00,1101.271972
 08/17  17:45:00,1101.096156
 08/17  18:00:00,733.5773622
 08/17  18:15:00,1108.348029
 08/17  18:30:00,1100.353396
 08/17  18:45:00,264.6316242
 08/17  19:00:00,637.0349202
 08/17  19:15:00,1098.929763
 08/17  19:30:00,1106.21485
 08/17  19:45:00,587.6203869
 08/17  20:00:00,0
 08/17  20:15:00,0
 08/17  20:30:00,0
 08/17  20:45:00,520.0936785
 08/17  21:00:00,1118.388759
 08/17  21:15:00,1119.800137
 08/17  21:30:00,1119.162044
 08/17  21:45:00,946.5055146
 08/17  22:00:00,0
 08/17  22:15:00,0
 08/17  22:30:00,0
 08/17  22:45:00,341.445015
 08/17  23:00:00,1118.204921
 08/17  23:15:00,1120.126163
 08/17  23:30:00,-1
 08/17  23:45:00,0
 08/17  24:00:00,0
 08/18  00:15:00,0
 08/18  00:30:00,0
 08/18  00:45:00,0
 08/18  01:00:00,713.0782134
 08/18  01:15:00,1125.627875
 08/18  01:30:00,1125.060599
 08/18  01:45:00,617.7787659
 08/18  02:00:00,0
 08/18  02:15:00,0
 08/18  02:30:00,0
 08/18  02:45:00,0
 08/18  03:00:00,0
 08/18  03:15:00,0
 08/18  03:30:00,571.8517506
 08/18  03:45:00,1128.750136
 08/18  04:00:00,1126.927734
 08/18  04:15:00,1124.374904
 08/18  04:30:00,143.8260831
 08/18  04:45:00,0
 08/18  05:00:00,0
 08/18  05:15:00,0
 08/18  05:30:00,0
 08/18  05:45:00,0
 08/18  06:00:00,0
 08/18  06:15:00,0
 08/18  06:30:00,803.1682242
 08/18  06:45:00,1134.549284
 08/18  07:00:00,1133.629868
 08/18  07:15:00,1132.094687
 08/18  07:30:00,1129.805184
 08/18  07:45:00,686.3128083
 08/18  08:00:00,0
 08/18  08:15:00,0
 08/18  08:30:00,0
 08/18  08:45:00,0
 08/18  09:00:00,830.4629292
 08/18  09:15:00,1124.799874
 08/18  09:30:00,632.4753564
 08/18  09:45:00,0
 08/18  10:00:00,0
 08/18  10:15:00,0
 08/18  10:30:00,0
 08/18  10:45:00,0
 08/18  11:00:00,0
 08/18  11:15:00,383.1582708
 08/18  11:30:00,1133.333141
 08/18  11:45:00,1135.371239
 08/18  12:00:00,1133.649134
 08/18  12:15:00,1130.819032
 08/18  12:30:00,1131.507817
 08/18  12:45:00,1131.862334
 08/18  13:00:00,1133.700604
 08/18  13:15:00,1132.189823
 08/18  13:30:00,235.2021552
 08/18  13:45:00,0
 08/18  14:00:00,0
 08/18  14:15:00,530.8683642
 08/18  14:30:00,1132.240444
 08/18  14:45:00,1131.729543
 08/18  15:00:00,1131.97172
 08/18  15:15:00,1128.412086
 08/18  15:30:00,493.8132681
 08/18  15:45:00,0
 08/18  16:00:00,0
 08/18  16:15:00,0
 08/18  16:30:00,301.6544994
 08/18  16:45:00,1128.064959
 08/18  17:00:00,1130.805361
 08/18  17:15:00,1129.404593
 08/18  17:30:00,1127.233562
 08/18  17:45:00,263.2281093
 08/18  18:00:00,0
 08/18  18:15:00,0
 08/18  18:30:00,-1
 08/18  18:45:00,1129.271397
 08/18  19:00:00,1135.085412
 08/18  19:15:00,1133.801737
 08/18  19:30:00,1131.621607
 08/18  19:45:00,1129.592203
 08/18  20:00:00,791.2546479
 08/18  20:15:00,0
 08/18  20:30:00,0
 08/18  20:45:00,0
 08/18  21:00:00,0
 08/18  21:15:00,834.0927759
 08/18  21:30:00,1132.137591
 08/18  21:45:00,1134.103172
 08/18  22:00:00,1131.297221
 08/18  22:15:00,678.8082222
 08/18  22:30:00,0
 08/18  22:45:00,0
 08/18  23:00:00,0
 08/18  23:15:00,0
 08/18  23:30:00,0
 08/18  23:45:00,0
 08/18  24:00:00,0
 08/19  00:15:00,951.8433669
 08/19  00:30:00,1134.422771
 08/19  00:45:00,1131.912645
 08/19  01:00:00,575.4076254
 08/19  01:15:00,0
 08/19  01:30:00,0
 08/19  01:45:00,0
 08/19  02:00:00,0
 08/19  02:15:00,0
 08/19  02:30:00,0
 08/19  02:45:00,0
 08/19  03:00:00,0
 08/19  03:15:00,0
 08/19  03:30:00,0
 08/19  03:45:00,797.4970218
 08/19  04:00:00,1138.80818
 08/19  04:15:00,1136.671232
 08/19  04:30:00,813.4045308
 08/19  04:45:00,0
 08/19  05:00:00,0
 08/19  05:15:00,0
 08/19  05:30:00,0
 08/19  05:45:00,0
 08/19  06:00:00,0
 08/19  06:15:00,0
 08/19  06:30:00,0
 08/19  06:45:00,0
 08/19  07:00:00,696.4558083
 08/19  07:15:00,1145.025968
 08/19  07:30:00,1144.916843
 08/19  07:45:00,1141.732663
 08/19  08:00:00,231.6661425
 08/19  08:15:00,0
 08/19  08:30:00,0.6750252
 08/19  08:45:00,0
 08/19  09:00:00,0
 08/19  09:15:00,0
 08/19  09:30:00,0
 08/19  09:45:00,747.6345243
 08/19  10:00:00,1171.215927
 08/19  10:15:00,1171.651596
 08/19  10:30:00,1167.371919
 08/19  10:45:00,1160.26857
 08/19  11:00:00,1154.579302
 08/19  11:15:00,157.5398052
 08/19  11:30:00,0
 08/19  11:45:00,0
 08/19  12:00:00,0
 08/19  12:15:00,0
 08/19  12:30:00,816.9819741
 08/19  12:45:00,1177.153706
 08/19  13:00:00,1178.06425
 08/19  13:15:00,1175.389148
 08/19  13:30:00,1172.747286
 08/19  13:45:00,343.5900948
 08/19  14:00:00,0
 08/19  14:15:00,0
 08/19  14:30:00,0
 08/19  14:45:00,1092.662157
 08/19  15:00:00,1154.758799
 08/19  15:15:00,1156.165266
 08/19  15:30:00,1152.403293
 08/19  15:45:00,1151.192025
 08/19  16:00:00,1147.35596
 08/19  16:15:00,498.7989756
 08/19  16:30:00,532.2700431
 08/19  16:45:00,1149.636785
 08/19  17:00:00,1147.226523
 08/19  17:15:00,1144.077582
 08/19  17:30:00,1143.542882
 08/19  17:45:00,1139.078605
 08/19  18:00:00,1140.458019
 08/19  18:15:00,1134.532024
 08/19  18:30:00,1130.518789
 08/19  18:45:00,1130.470816
 08/19  19:00:00,1132.145862
 08/19  19:15:00,1126.524611
 08/19  19:30:00,1126.993563
 08/19  19:45:00,1126.059296
 08/19  20:00:00,1121.807469
 08/19  20:15:00,1115.815358
 08/19  20:30:00,805.5426528
 08/19  20:45:00,583.3148544
 08/19  21:00:00,763.2797994
 08/19  21:15:00,1123.44394
 08/19  21:30:00,1126.629322
 08/19  21:45:00,1128.481034
 08/19  22:00:00,1123.548135
 08/19  22:15:00,444.7261449
 08/19  22:30:00,0
 08/19  22:45:00,0
 08/19  23:00:00,0
 08/19  23:15:00,1132.569398
 08/19  23:30:00,1108.025493
 08/19  23:45:00,0
 08/19  24:00:00,0
 08/20  00:15:00,0
 08/20  00:30:00,0
 08/20  00:45:00,0
 08/20  01:00:00,0
 08/20  01:15:00,0
 08/20  01:30:00,0
 08/20  01:45:00,0
 08/20  02:00:00,714.1143753
 08/20  02:15:00,1140.536161
 08/20  02:30:00,1139.876803
 08/20  02:45:00,432.0669285
 08/20  03:00:00,0
 08/20  03:15:00,0
 08/20  03:30:00,0
 08/20  03:45:00,0
 08/20  04:00:00,0
 08/20  04:15:00,0
 08/20  04:30:00,0
 08/20  04:45:00,0
 08/20  05:00:00,0
 08/20  05:15:00,0
 08/20  05:30:00,890.9948754
 08/20  05:45:00,1146.798504
 08/20  06:00:00,991.1925693
 08/20  06:15:00,0
 08/20  06:30:00,0
 08/20  06:45:00,0
 08/20  07:00:00,0
 08/20  07:15:00,0
 08/20  07:30:00,692.9118675
 08/20  07:45:00,1150.126664
 08/20  08:00:00,1148.272751
 08/20  08:15:00,812.0874051
 08/20  08:30:00,0
 08/20  08:45:00,0
 08/20  09:00:00,-1
 08/20  09:15:00,1140.004601
 08/20  09:30:00,1142.682667
 08/20  09:45:00,1142.190779
 08/20  10:00:00,965.2140324
 08/20  10:15:00,0
 08/20  10:30:00,0
 08/20  10:45:00,232.6947903
 08/20  11:00:00,1136.859871
 08/20  11:15:00,1137.059569
 08/20  11:30:00,1150.354308
 08/20  11:45:00,1149.72718
 08/20  12:00:00,1144.577966
 08/20  12:15:00,996.6863907
 08/20  12:30:00,0
 08/20  12:45:00,0
 08/20  13:00:00,993.2383944
 08/20  13:15:00,1134.161101
 08/20  13:30:00,1135.505102
 08/20  13:45:00,1136.666399
 08/20  14:00:00,1135.7823
 08/20  14:15:00,1133.248359
 08/20  14:30:00,1133.163544
 08/20  14:45:00,523.6529211
 08/20  15:00:00,343.4320035
 08/20  15:15:00,1127.551554
 08/20  15:30:00,1131.854495
 08/20  15:45:00,1131.945546
 08/20  16:00:00,1129.996536
 08/20  16:15:00,1127.809253
 08/20  16:30:00,1137.103372
 08/20  16:45:00,1139.466143
 08/20  17:00:00,1133.096364
 08/20  17:15:00,1126.856686
 08/20  17:30:00,1121.543551
 08/20  17:45:00,1122.631749
 08/20  18:00:00,1124.631859
 08/20  18:15:00,1122.315152
 08/20  18:30:00,1120.29772
 08/20  18:45:00,1122.551889
 08/20  19:00:00,778.7167515
 08/20  19:15:00,1440.431204
 08/20  19:30:00,1473.31456
 08/20  19:45:00,1463.133312
 08/20  20:00:00,1451.287024
 08/20  20:15:00,1039.609679
 08/20  20:30:00,1103.553068
 08/20  20:45:00,1118.059286
 08/20  21:00:00,1108.880519
 08/20  21:15:00,1102.817586
 08/20  21:30:00,1103.204079
 08/20  21:45:00,1107.917118
 08/20  22:00:00,1101.071221
 08/20  22:15:00,1103.582427
 08/20  22:30:00,-1
 08/20  22:45:00,893.2919031
 08/20  23:00:00,1108.616
 08/20  23:15:00,110.8154025
 08/20  23:30:00,0
 08/20  23:45:00,0
 08/20  24:00:00,1082.372145
 08/21  00:15:00,366.380712
 08/21  00:30:00,0
 08/21  00:45:00,0
 08/21  01:00:00,715.023693
 08/21  01:15:00,1119.413489
 08/21  01:30:00,1139.220344
 08/21  01:45:00,0
 08/21  02:00:00,0
 08/21  02:15:00,0
 08/21  02:30:00,836.8682013
 08/21  02:45:00,1125.955296
 08/21  03:00:00,655.4150982
 08/21  03:15:00,0
 08/21  03:30:00,0
 08/21  03:45:00,0
 08/21  04:00:00,337.296663
 08/21  04:15:00,1124.021819
 08/21  04:30:00,1127.144084
 08/21  04:45:00,1139.447095
 08/21  05:00:00,429.6317751
 08/21  05:15:00,0
 08/21  05:30:00,0
 08/21  05:45:00,0
 08/21  06:00:00,0
 08/21  06:15:00,0
 08/21  06:30:00,257.2091982
 08/21  06:45:00,1152.498072
 08/21  07:00:00,1147.241302
 08/21  07:15:00,1141.623283
 08/21  07:30:00,1139.629734
 08/21  07:45:00,647.7741765
 08/21  08:00:00,0
 08/21  08:15:00,0
 08/21  08:30:00,0
 08/21  08:45:00,-1
 08/21  09:00:00,1129.538872
 08/21  09:15:00,1132.848767
 08/21  09:30:00,1149.273237
 08/21  09:45:00,1146.951329
 08/21  10:00:00,1140.944939
 08/21  10:15:00,1135.206247
 08/21  10:30:00,724.2024195
 08/21  10:45:00,0
 08/21  11:00:00,0
 08/21  11:15:00,0
 08/21  11:30:00,882.9551025
 08/21  11:45:00,1144.611762
 08/21  12:00:00,1151.133989
 08/21  12:15:00,1144.555165
 08/21  12:30:00,1141.014472
 08/21  12:45:00,1136.210931
 08/21  13:00:00,1135.921163
 08/21  13:15:00,1132.554049
 08/21  13:30:00,994.8289662
 08/21  13:45:00,0
 08/21  14:00:00,310.923819
 08/21  14:15:00,1126.139427
 08/21  14:30:00,1129.584668
 08/21  14:45:00,725.1914691
 08/21  15:00:00,-1
 08/21  15:15:00,1124.449782
 08/21  15:30:00,1128.428626
 08/21  15:45:00,1128.670845
 08/21  16:00:00,427.4736903
 08/21  16:15:00,-1
 08/21  16:30:00,1128.383153
 08/21  16:45:00,1140.215608
 08/21  17:00:00,1135.450778
 08/21  17:15:00,1132.685861
 08/21  17:30:00,1129.180296
 08/21  17:45:00,797.4424422
 08/21  18:00:00,-1
 08/21  18:15:00,1117.838088
 08/21  18:30:00,1123.782058
 08/21  18:45:00,784.9425744
 08/21  19:00:00,116.0987328
 08/21  19:15:00,1115.158469
 08/21  19:30:00,1124.589858
 08/21  19:45:00,1126.62698
 08/21  20:00:00,-1
 08/21  20:15:00,0
 08/21  20:30:00,809.920602
 08/21  20:45:00,1142.913008
 08/21  21:00:00,1137.691558
 08/21  21:15:00,882.8387541
 08/21  21:30:00,0
 08/21  21:45:00,-1
 08/21  22:00:00,1124.175768
 08/21  22:15:00,1126.625094
 08/21  22:30:00,795.6514035
 08/21  22:45:00,0
 08/21  23:00:00,0
 08/21  23:15:00,0
 08/21  23:30:00,0
 08/21  23:45:00,422.4163743
 08/21  24:00:00,1130.800643
 08/22  00:15:00,1133.47985
 08/22  00:30:00,1129.164126
 08/22  00:45:00,-1
 08/22  01:00:00,0
 08/22  01:15:00,0
 08/22  01:30:00,0
 08/22  01:45:00,0.6750252
 08/22  02:00:00,0
 08/22  02:15:00,-1
 08/22  02:30:00,1132.800554
 08/22  02:45:00,1138.794973
 08/22  03:00:00,1135.602601
 08/22  03:15:00,562.201551
 08/22  03:30:00,0
 08/22  03:45:00,0
 08/22  04:00:00,0
 08/22  04:15:00,0
 08/22  04:30:00,0
 08/22  04:45:00,0
 08/22  05:00:00,-1
 08/22  05:15:00,1137.825455
 08/22  05:30:00,1141.798611
 08/22  05:45:00,1140.64368
 08/22  06:00:00,1136.777176
 08/22  06:15:00,-1
 08/22  06:30:00,0
 08/22  06:45:00,0
 08/22  07:00:00,0
 08/22  07:15:00,-1
 08/22  07:30:00,1140.068722
 08/22  07:45:00,1144.495795
 08/22  08:00:00,1141.662924
 08/22  08:15:00,1140.486237
 08/22  08:30:00,1138.253471
 08/22  08:45:00,1138.900287
 08/22  09:00:00,805.478508
 08/22  09:15:00,0
 08/22  09:30:00,1041.251697
 08/22  09:45:00,1147.258527
 08/22  10:00:00,1143.230513
 08/22  10:15:00,1142.041641
 08/22  10:30:00,1139.874485
 08/22  10:45:00,1139.629477
 08/22  11:00:00,1137.849199
 08/22  11:15:00,1137.809057
 08/22  11:30:00,1137.421923
 08/22  11:45:00,1140.609347
 08/22  12:00:00,1144.251066
 08/22  12:15:00,1137.806393
 08/22  12:30:00,1133.477964
 08/22  12:45:00,1131.708165
 08/22  13:00:00,1131.477284
 08/22  13:15:00,1128.697898
 08/22  13:30:00,153.9522261
 08/22  13:45:00,-1
 08/22  14:00:00,1124.175428
 08/22  14:15:00,1130.798002
 08/22  14:30:00,1133.578849
 08/22  14:45:00,1133.508707
 08/22  15:00:00,1133.724302
 08/22  15:15:00,1132.950133
 08/22  15:30:00,1132.03135
 08/22  15:45:00,1126.521419
 08/22  16:00:00,1121.219857
 08/22  16:15:00,1118.801249
 08/22  16:30:00,1127.297497
 08/22  16:45:00,1131.825002
 08/22  17:00:00,1125.746367
 08/22  17:15:00,1120.901996
 08/22  17:30:00,1119.62961
 08/22  17:45:00,1058.21527
 08/22  18:00:00,869.2950888
 08/22  18:15:00,1122.23313
 08/22  18:30:00,1119.389374
 08/22  18:45:00,1120.2093
 08/22  19:00:00,1120.904816
 08/22  19:15:00,1118.592565
 08/22  19:30:00,1118.610623
 08/22  19:45:00,1116.874089
 08/22  20:00:00,1114.11685
 08/22  20:15:00,1110.429015
 08/22  20:30:00,1122.982458
 08/22  20:45:00,1129.404633
 08/22  21:00:00,1120.737711
 08/22  21:15:00,1113.392404
 08/22  21:30:00,1112.892595
 08/22  21:45:00,1113.55578
 08/22  22:00:00,798.6565638
 08/22  22:15:00,1111.174501
 08/22  22:30:00,1109.733557
 08/22  22:45:00,1111.644442
 08/22  23:00:00,1108.016761
 08/22  23:15:00,299.1986559
 08/22  23:30:00,0
 08/22  23:45:00,602.3424402
 08/22  24:00:00,706.3515891
 08/23  00:15:00,0
 08/23  00:30:00,0
 08/23  00:45:00,0
 08/23  01:00:00,0
 08/23  01:15:00,0
 08/23  01:30:00,0
 08/23  01:45:00,1010.576323
 08/23  02:00:00,1122.963883
 08/23  02:15:00,746.2646298
 08/23  02:30:00,0
 08/23  02:45:00,0
 08/23  03:00:00,0
 08/23  03:15:00,0
 08/23  03:30:00,0
 08/23  03:45:00,0
 08/23  04:00:00,0
 08/23  04:15:00,0
 08/23  04:30:00,216.9870354
 08/23  04:45:00,1139.339062
 08/23  05:00:00,1136.426535
 08/23  05:15:00,579.9091068
 08/23  05:30:00,0
 08/23  05:45:00,0
 08/23  06:00:00,0
 08/23  06:15:00,0
 08/23  06:30:00,0
 08/23  06:45:00,0
 08/23  07:00:00,694.0961253
 08/23  07:15:00,1142.51594
 08/23  07:30:00,1140.85255
 08/23  07:45:00,1136.047883
 08/23  08:00:00,657.83655
 08/23  08:15:00,0
 08/23  08:30:00,0
 08/23  08:45:00,-1
 08/23  09:00:00,1131.366244
 08/23  09:15:00,1136.783741
 08/23  09:30:00,1136.007052
 08/23  09:45:00,1136.10367
 08/23  10:00:00,1133.381516
 08/23  10:15:00,-1
 08/23  10:30:00,0
 08/23  10:45:00,877.5503145
 08/23  11:00:00,1127.48583
 08/23  11:15:00,1128.611003
 08/23  11:30:00,1141.281194
 08/23  11:45:00,1139.120271
 08/23  12:00:00,1132.229421
 08/23  12:15:00,1129.71656
 08/23  12:30:00,1126.712129
 08/23  12:45:00,497.3154669
 08/23  13:00:00,0
 08/23  13:15:00,1059.835137
 08/23  13:30:00,1122.566302
 08/23  13:45:00,1127.043806
 08/23  14:00:00,1126.927557
 08/23  14:15:00,1124.877169
 08/23  14:30:00,1122.439865
 08/23  14:45:00,577.0830708
 08/23  15:00:00,-1
 08/23  15:15:00,1116.611276
 08/23  15:30:00,1121.527648
 08/23  15:45:00,1122.808514
 08/23  16:00:00,1122.414477
 08/23  16:15:00,1120.23446
 08/23  16:30:00,1130.40418
 08/23  16:45:00,1134.525705
 08/23  17:00:00,1124.654196
 08/23  17:15:00,1118.179009
 08/23  17:30:00,1112.907104
 08/23  17:45:00,1112.911572
 08/23  18:00:00,1116.390276
 08/23  18:15:00,1112.178294
 08/23  18:30:00,1110.919104
 08/23  18:45:00,1112.84803
 08/23  19:00:00,857.4075
 08/23  19:15:00,1056.355048
 08/23  19:30:00,1111.797005
 08/23  19:45:00,1110.73612
 08/23  20:00:00,1108.175709
 08/23  20:15:00,1105.896539
 08/23  20:30:00,1117.931502
 08/23  20:45:00,1125.775794
 08/23  21:00:00,1118.36441
 08/23  21:15:00,887.751774
 08/23  21:30:00,0
 08/23  21:45:00,551.1384729
 08/23  22:00:00,1106.319741
 08/23  22:15:00,421.9245369
 08/23  22:30:00,0
 08/23  22:45:00,411.2058753
 08/23  23:00:00,1105.576668
 08/23  23:15:00,346.5510417
 08/23  23:30:00,0
 08/23  23:45:00,0
 08/23  24:00:00,0
 08/24  00:15:00,0
 08/24  00:30:00,0
 08/24  00:45:00,-1
 08/24  01:00:00,1112.390113
 08/24  01:15:00,1118.676305
 08/24  01:30:00,490.7116242
 08/24  01:45:00,0
 08/24  02:00:00,0
 08/24  02:15:00,0
 08/24  02:30:00,0
 08/24  02:45:00,0
 08/24  03:00:00,0
 08/24  03:15:00,0
 08/24  03:30:00,0
 08/24  03:45:00,0
 08/24  04:00:00,0
 08/24  04:15:00,0
 08/24  04:30:00,0
 08/24  04:45:00,0
 08/24  05:00:00,0
 08/24  05:15:00,1108.540573
 08/24  05:30:00,1134.807587
 08/24  05:45:00,1134.593966
 08/24  06:00:00,384.5160459
 08/24  06:15:00,0
 08/24  06:30:00,0
 08/24  06:45:00,0
 08/24  07:00:00,0
 08/24  07:15:00,0
 08/24  07:30:00,-1
 08/24  07:45:00,1133.250647
 08/24  08:00:00,1137.26229
 08/24  08:15:00,959.0933277
 08/24  08:30:00,0
 08/24  08:45:00,0
 08/24  09:00:00,986.3336016
 08/24  09:15:00,1130.739326
 08/24  09:30:00,1132.314048
 08/24  09:45:00,1131.64836
 08/24  10:00:00,1128.41236
 08/24  10:15:00,230.798997
 08/24  10:30:00,0
 08/24  10:45:00,1125.564456
 08/24  11:00:00,1122.872159
 08/24  11:15:00,1122.835329
 08/24  11:30:00,1136.668595
 08/24  11:45:00,1134.93972
 08/24  12:00:00,1129.221364
 08/24  12:15:00,1125.144273
 08/24  12:30:00,571.7281347
 08/24  12:45:00,0
 08/24  13:00:00,263.9172537
 08/24  13:15:00,1118.774137
 08/24  13:30:00,1123.097945
 08/24  13:45:00,1124.545356
 08/24  14:00:00,1125.087377
 08/24  14:15:00,1122.3848
 08/24  14:30:00,1120.314635
 08/24  14:45:00,818.6330655
 08/24  15:00:00,0
 08/24  15:15:00,373.3461207
 08/24  15:30:00,1119.340241
 08/24  15:45:00,1120.412181
 08/24  16:00:00,1121.470601
 08/24  16:15:00,68.5632807
 08/24  16:30:00,647.6343849
 08/24  16:45:00,1129.213239
 08/24  17:00:00,1128.555871
 08/24  17:15:00,1126.219292
 08/24  17:30:00,1124.370196
 08/24  17:45:00,1124.019748
 08/24  18:00:00,1124.842649
 08/24  18:15:00,1122.389215
 08/24  18:30:00,750.8919843
 08/24  18:45:00,-1
 08/24  19:00:00,1112.97288
 08/24  19:15:00,1117.58483
 08/24  19:30:00,1120.938024
 08/24  19:45:00,1120.272359
 08/24  20:00:00,1117.032514
 08/24  20:15:00,-1
 08/24  20:30:00,0
 08/24  20:45:00,1128.817283
 08/24  21:00:00,1127.718504
 08/24  21:15:00,1124.683381
 08/24  21:30:00,572.8127949
 08/24  21:45:00,0
 08/24  22:00:00,1007.004697
 08/24  22:15:00,871.9715313
 08/24  22:30:00,0
 08/24  22:45:00,338.8508541
 08/24  23:00:00,1113.889703
 08/24  23:15:00,348.6500064
 08/24  23:30:00,0
 08/24  23:45:00,0
 08/24  24:00:00,0
 08/25  00:15:00,0
 08/25  00:30:00,0
 08/25  00:45:00,-1
 08/25  01:00:00,1117.854599
 08/25  01:15:00,1125.137188
 08/25  01:30:00,1124.293901
 08/25  01:45:00,530.521812
 08/25  02:00:00,0
 08/25  02:15:00,0
 08/25  02:30:00,0
 08/25  02:45:00,0
 08/25  03:00:00,0
 08/25  03:15:00,0
 08/25  03:30:00,0
 08/25  03:45:00,0
 08/25  04:00:00,0
 08/25  04:15:00,0
 08/25  04:30:00,0
 08/25  04:45:00,0
 08/25  05:00:00,0
 08/25  05:15:00,0
 08/25  05:30:00,179.9159616
 08/25  05:45:00,1134.629842
 08/25  06:00:00,1134.207419
 08/25  06:15:00,810.6987312
 08/25  06:30:00,0
 08/25  06:45:00,0
 08/25  07:00:00,0
 08/25  07:15:00,0
 08/25  07:30:00,192.5279568
 08/25  07:45:00,1136.445321
 08/25  08:00:00,1138.39412
 08/25  08:15:00,659.1433617
 08/25  08:30:00,0
 08/25  08:45:00,0
 08/25  09:00:00,312.7187061
 08/25  09:15:00,1133.370915
 08/25  09:30:00,1135.440292
 08/25  09:45:00,1136.318705
 08/25  10:00:00,1133.814311
 08/25  10:15:00,424.5306669
 08/25  10:30:00,0
 08/25  10:45:00,451.3703121
 08/25  11:00:00,1126.396149
 08/25  11:15:00,1128.505502
 08/25  11:30:00,1142.358734
 08/25  11:45:00,1140.398084
 08/25  12:00:00,1134.027693
 08/25  12:15:00,902.0532654
 08/25  12:30:00,0
 08/25  12:45:00,0
 08/25  13:00:00,377.1811683
 08/25  13:15:00,1128.251293
 08/25  13:30:00,1131.270791
 08/25  13:45:00,1132.143862
 08/25  14:00:00,1132.988277
 08/25  14:15:00,1131.997045
 08/25  14:30:00,1130.455292
 08/25  14:45:00,226.4854698
 08/25  15:00:00,150.3892926
 08/25  15:15:00,1122.333353
 08/25  15:30:00,1126.26709
 08/25  15:45:00,1127.817566
 08/25  16:00:00,1127.822527
 08/25  16:15:00,1122.758357
 08/25  16:30:00,389.6704629
 08/25  16:45:00,1106.733907
 08/25  17:00:00,1130.177233
 08/25  17:15:00,1127.83506
 08/25  17:30:00,1126.214286
 08/25  17:45:00,1125.334583
 08/25  18:00:00,1125.544567
 08/25  18:15:00,1121.176299
 08/25  18:30:00,1118.879119
 08/25  18:45:00,1120.620192
 08/25  19:00:00,1122.110203
 08/25  19:15:00,1116.860601
 08/25  19:30:00,1119.23504
 08/25  19:45:00,1115.830592
 08/25  20:00:00,1112.133108
 08/25  20:15:00,1108.435601
 08/25  20:30:00,1121.348338
 08/25  20:45:00,810.2516121
 08/25  21:00:00,1122.657614
 08/25  21:15:00,968.1930162
 08/25  21:30:00,0
 08/25  21:45:00,0
 08/25  22:00:00,747.6262929
 08/25  22:15:00,1114.144673
 08/25  22:30:00,871.8611454
 08/25  22:45:00,0
 08/25  23:00:00,0
 08/25  23:15:00,0
 08/25  23:30:00,0
 08/25  23:45:00,0
 08/25  24:00:00,0
 08/26  00:15:00,0
 08/26  00:30:00,677.5528797
 08/26  00:45:00,1124.002165
 08/26  01:00:00,990.682884
 08/26  01:15:00,0
 08/26  01:30:00,0
 08/26  01:45:00,0
 08/26  02:00:00,0
 08/26  02:15:00,0
 08/26  02:30:00,0
 08/26  02:45:00,0
 08/26  03:00:00,0
 08/26  03:15:00,0
 08/26  03:30:00,0
 08/26  03:45:00,0
 08/26  04:00:00,0
 08/26  04:15:00,0
 08/26  04:30:00,0
 08/26  04:45:00,0
 08/26  05:00:00,0
 08/26  05:15:00,-1
 08/26  05:30:00,1130.854598
 08/26  05:45:00,1137.919891
 08/26  06:00:00,752.5991025
 08/26  06:15:00,0
 08/26  06:30:00,0
 08/26  06:45:00,0
 08/26  07:00:00,0
 08/26  07:15:00,0
 08/26  07:30:00,0
 08/26  07:45:00,735.2402553
 08/26  08:00:00,1139.149105
 08/26  08:15:00,1139.517331
 08/26  08:30:00,1136.760028
 08/26  08:45:00,1136.026211
 08/26  09:00:00,638.1865125
 08/26  09:15:00,0
 08/26  09:30:00,0
 08/26  09:45:00,0
 08/26  10:00:00,731.4470433
 08/26  10:15:00,1131.554444
 08/26  10:30:00,1132.215827
 08/26  10:45:00,1133.205104
 08/26  11:00:00,1130.019876
 08/26  11:15:00,1127.238163
 08/26  11:30:00,803.9992383
 08/26  11:45:00,0
 08/26  12:00:00,463.4058573
 08/26  12:15:00,1128.379759
 08/26  12:30:00,1127.799987
 08/26  12:45:00,1129.489234
 08/26  13:00:00,609.1187364
 08/26  13:15:00,0
 08/26  13:30:00,308.2670793
 08/26  13:45:00,1125.393484
 08/26  14:00:00,1128.597781
 08/26  14:15:00,1128.695321
 08/26  14:30:00,1128.475242
 08/26  14:45:00,1126.896941
 08/26  15:00:00,-1
 08/26  15:15:00,766.1093256
 08/26  15:30:00,1126.659191
 08/26  15:45:00,1126.974721
 08/26  16:00:00,1126.953025
 08/26  16:15:00,1125.3393
 08/26  16:30:00,1135.580122
 08/26  16:45:00,1137.802607
 08/26  17:00:00,1129.989012
 08/26  17:15:00,1122.058232
 08/26  17:30:00,1118.133923
 08/26  17:45:00,1117.922133
 08/26  18:00:00,1121.575365
 08/26  18:15:00,1115.370034
 08/26  18:30:00,1114.119313
 08/26  18:45:00,1115.534228
 08/26  19:00:00,1116.123794
 08/26  19:15:00,800.3568123
 08/26  19:30:00,1117.254812
 08/26  19:45:00,1114.864934
 08/26  20:00:00,1110.36996
 08/26  20:15:00,1106.769248
 08/26  20:30:00,1119.683015
 08/26  20:45:00,1128.09056
 08/26  21:00:00,1119.866833
 08/26  21:15:00,1114.615499
 08/26  21:30:00,-1
 08/26  21:45:00,495.0369558
 08/26  22:00:00,1105.633862
 08/26  22:15:00,373.8428046
 08/26  22:30:00,0
 08/26  22:45:00,-1
 08/26  23:00:00,1109.205349
 08/26  23:15:00,-1
 08/26  23:30:00,0
 08/26  23:45:00,0
 08/26  24:00:00,0
 08/27  00:15:00,0
 08/27  00:30:00,0
 08/27  00:45:00,457.4929374
 08/27  01:00:00,1119.558137
 08/27  01:15:00,1092.581114
 08/27  01:30:00,0
 08/27  01:45:00,0
 08/27  02:00:00,0
 08/27  02:15:00,0
 08/27  02:30:00,0
 08/27  02:45:00,0
 08/27  03:00:00,0
 08/27  03:15:00,0
 08/27  03:30:00,0
 08/27  03:45:00,0
 08/27  04:00:00,0
 08/27  04:15:00,0
 08/27  04:30:00,0
 08/27  04:45:00,0
 08/27  05:00:00,0
 08/27  05:15:00,0
 08/27  05:30:00,0
 08/27  05:45:00,1054.03625
 08/27  06:00:00,1137.513114
 08/27  06:15:00,803.8733715
 08/27  06:30:00,0
 08/27  06:45:00,0
 08/27  07:00:00,0
 08/27  07:15:00,0
 08/27  07:30:00,0
 08/27  07:45:00,987.5309454
 08/27  08:00:00,1138.09154
 08/27  08:15:00,923.4082305
 08/27  08:30:00,0
 08/27  08:45:00,0
 08/27  09:00:00,1031.755487
 08/27  09:15:00,1133.810074
 08/27  09:30:00,1133.99147
 08/27  09:45:00,1133.290615
 08/27  10:00:00,801.6503013
 08/27  10:15:00,0
 08/27  10:30:00,652.4655831
 08/27  10:45:00,1126.263905
 08/27  11:00:00,1125.952028
 08/27  11:15:00,1124.9771
 08/27  11:30:00,1138.428152
 08/27  11:45:00,1137.595169
 08/27  12:00:00,1131.242562
 08/27  12:15:00,833.4305946
 08/27  12:30:00,0
 08/27  12:45:00,263.0207601
 08/27  13:00:00,1122.473331
 08/27  13:15:00,1125.923146
 08/27  13:30:00,1126.985512
 08/27  13:45:00,1127.975397
 08/27  14:00:00,1127.196847
 08/27  14:15:00,759.0481434
 08/27  14:30:00,0
 08/27  14:45:00,304.423533
 08/27  15:00:00,1124.487097
 08/27  15:15:00,1127.47938
 08/27  15:30:00,1128.438969
 08/27  15:45:00,1127.197476
 08/27  16:00:00,1126.653998
 08/27  16:15:00,1123.456865
 08/27  16:30:00,1133.044505
 08/27  16:45:00,1134.981874
 08/27  17:00:00,1125.519923
 08/27  17:15:00,1119.130343
 08/27  17:30:00,1116.914329
 08/27  17:45:00,1116.295651
 08/27  18:00:00,1118.217871
 08/27  18:15:00,1115.442681
 08/27  18:30:00,1112.555381
 08/27  18:45:00,868.7381265
 08/27  19:00:00,1048.483629
 08/27  19:15:00,1114.205625
 08/27  19:30:00,1115.51114
 08/27  19:45:00,1114.510704
 08/27  20:00:00,1109.46221
 08/27  20:15:00,1107.286826
 08/27  20:30:00,1120.715335
 08/27  20:45:00,1125.690394
 08/27  21:00:00,1117.256962
 08/27  21:15:00,1110.38732
 08/27  21:30:00,1109.695712
 08/27  21:45:00,1108.395865
 08/27  22:00:00,1104.996093
 08/27  22:15:00,1105.964916
 08/27  22:30:00,116.2822437
 08/27  22:45:00,697.3885341
 08/27  23:00:00,1098.219557
 08/27  23:15:00,0
 08/27  23:30:00,0
 08/27  23:45:00,0
 08/27  24:00:00,0
 08/28  00:15:00,0
 08/28  00:30:00,0
 08/28  00:45:00,-1
 08/28  01:00:00,1115.56723
 08/28  01:15:00,1123.025124
 08/28  01:30:00,0
 08/28  01:45:00,0
 08/28  02:00:00,0
 08/28  02:15:00,0
 08/28  02:30:00,0
 08/28  02:45:00,369.895437
 08/28  03:00:00,1121.250411
 08/28  03:15:00,915.1610094
 08/28  03:30:00,0
 08/28  03:45:00,0
 08/28  04:00:00,0
 08/28  04:15:00,0
 08/28  04:30:00,0
 08/28  04:45:00,0
 08/28  05:00:00,0
 08/28  05:15:00,0
 08/28  05:30:00,0
 08/28  05:45:00,0
 08/28  06:00:00,0
 08/28  06:15:00,0
 08/28  06:30:00,386.1826434
 08/28  06:45:00,1156.821236
 08/28  07:00:00,1147.891147
 08/28  07:15:00,1142.596019
 08/28  07:30:00,1141.264127
 08/28  07:45:00,335.3770305
 08/28  08:00:00,0
 08/28  08:15:00,0
 08/28  08:30:00,0
 08/28  08:45:00,1118.192756
 08/28  09:00:00,1135.940334
 08/28  09:15:00,1135.589528
 08/28  09:30:00,1148.436165
 08/28  09:45:00,1147.009697
 08/28  10:00:00,1140.505992
 08/28  10:15:00,1135.190533
 08/28  10:30:00,1132.221627
 08/28  10:45:00,-1
 08/28  11:00:00,765.6332283
 08/28  11:15:00,1128.969971
 08/28  11:30:00,1132.104867
 08/28  11:45:00,1138.128489
 08/28  12:00:00,1145.336531
 08/28  12:15:00,1136.587325
 08/28  12:30:00,1133.79286
 08/28  12:45:00,1130.47211
 08/28  13:00:00,1131.375938
 08/28  13:15:00,1128.503762
 08/28  13:30:00,296.058681
 08/28  13:45:00,-1
 08/28  14:00:00,1125.5242
 08/28  14:15:00,1126.932365
 08/28  14:30:00,1128.84604
 08/28  14:45:00,1128.642629
 08/28  15:00:00,1130.332123
 08/28  15:15:00,1130.274417
 08/28  15:30:00,1128.75305
 08/28  15:45:00,1126.574919
 08/28  16:00:00,1125.044672
 08/28  16:15:00,1121.272128
 08/28  16:30:00,1130.728968
 08/28  16:45:00,1135.274058
 08/28  17:00:00,1125.947306
 08/28  17:15:00,1117.858442
 08/28  17:30:00,1115.1198
 08/28  17:45:00,1125.182788
 08/28  18:00:00,743.1057549
 08/28  18:15:00,1118.053563
 08/28  18:30:00,1115.558983
 08/28  18:45:00,1117.280082
 08/28  19:00:00,1118.680953
 08/28  19:15:00,1113.767825
 08/28  19:30:00,1115.109715
 08/28  19:45:00,1113.549657
 08/28  20:00:00,1110.955459
 08/28  20:15:00,1109.902381
 08/28  20:30:00,725.4339885
 08/28  20:45:00,489.0478149
 08/28  21:00:00,1118.035679
 08/28  21:15:00,600.3759456
 08/28  21:30:00,0
 08/28  21:45:00,601.0299045
 08/28  22:00:00,753.5076687
 08/28  22:15:00,0
 08/28  22:30:00,0
 08/28  22:45:00,907.3368657
 08/28  23:00:00,604.6822449
 08/28  23:15:00,0
 08/28  23:30:00,0
 08/28  23:45:00,0
 08/28  24:00:00,0
